{"v":"5.6.6","fr":24,"ip":0,"op":120,"w":3500,"h":3500,"nm":"Wavy_Bus-03_Single-05","ddd":0,"assets":[],"layers":[{"ddd":0,"ind":1,"ty":4,"nm":"forearm R","parent":2,"sr":1,"ks":{"o":{"a":0,"k":100,"ix":11},"r":{"a":1,"k":[{"i":{"x":[0.504],"y":[1]},"o":{"x":[0.333],"y":[0]},"t":1,"s":[0]},{"i":{"x":[0.504],"y":[1]},"o":{"x":[0.333],"y":[0]},"t":17,"s":[11]},{"i":{"x":[0.504],"y":[1]},"o":{"x":[0.333],"y":[0]},"t":43,"s":[-6]},{"i":{"x":[0.667],"y":[1]},"o":{"x":[0.333],"y":[0]},"t":62,"s":[16]},{"i":{"x":[0.667],"y":[1]},"o":{"x":[0.333],"y":[0]},"t":89,"s":[16]},{"i":{"x":[0.541],"y":[1]},"o":{"x":[0.333],"y":[0]},"t":97,"s":[28]},{"t":120,"s":[0]}],"ix":10},"p":{"a":0,"k":[83.724,91.09,0],"ix":2},"a":{"a":0,"k":[-6,-134,0],"ix":1},"s":{"a":0,"k":[100,100,100],"ix":6}},"ao":0,"shapes":[{"ty":"gr","it":[{"ind":0,"ty":"sh","ix":1,"ks":{"a":0,"k":{"i":[[37.515,234.468],[5.11,18.09],[3.477,5.74],[44.492,0],[0,-62.592],[-5.724,-13.547],[0,0],[0,0]],"o":[[-3.252,-20.329],[-2.151,-7.617],[-18.548,-37.308],[-62.592,0],[0,15.631],[40.605,140.372],[0,0],[0,0]],"v":[[115.655,-107.928],[103.03,-165.525],[94.529,-185.514],[-7.007,-248.464],[-120.341,-135.131],[-111.452,-91.06],[-93.803,217.201],[-46.91,248.464]],"c":true},"ix":2},"nm":"Path 1","mn":"ADBE Vector Shape - Group","hd":false},{"ty":"gf","o":{"a":0,"k":100,"ix":10},"r":1,"bm":0,"g":{"p":3,"k":{"a":0,"k":[0,1,0.769,0.267,0.498,0.976,0.602,0.302,0.996,0.953,0.435,0.337],"ix":9}},"s":{"a":0,"k":[-955.341,464.203],"ix":5},"e":{"a":0,"k":[125.548,-85.13],"ix":6},"t":1,"nm":"Gradient Fill 1","mn":"ADBE Vector Graphic - G-Fill","hd":false},{"ty":"tr","p":{"a":0,"k":[0,0],"ix":2},"a":{"a":0,"k":[0,0],"ix":1},"s":{"a":0,"k":[100,100],"ix":3},"r":{"a":0,"k":0,"ix":6},"o":{"a":0,"k":100,"ix":7},"sk":{"a":0,"k":0,"ix":4},"sa":{"a":0,"k":0,"ix":5},"nm":"Transform"}],"nm":"forearm R","np":2,"cix":2,"bm":0,"ix":1,"mn":"ADBE Vector Group","hd":false}],"ip":0,"op":240,"st":0,"bm":0},{"ddd":0,"ind":2,"ty":4,"nm":"arm R","parent":7,"sr":1,"ks":{"o":{"a":0,"k":100,"ix":11},"r":{"a":1,"k":[{"i":{"x":[0.504],"y":[1]},"o":{"x":[0.333],"y":[0]},"t":1,"s":[0]},{"i":{"x":[0.504],"y":[1]},"o":{"x":[0.333],"y":[0]},"t":17,"s":[25]},{"i":{"x":[0.504],"y":[1]},"o":{"x":[0.333],"y":[0]},"t":43,"s":[-14]},{"i":{"x":[0.667],"y":[1]},"o":{"x":[0.333],"y":[0]},"t":62,"s":[0]},{"i":{"x":[0.541],"y":[1]},"o":{"x":[0.333],"y":[0]},"t":97,"s":[0]},{"t":120,"s":[0]}],"ix":10},"p":{"a":0,"k":[2522.617,1229.707,0],"ix":2},"a":{"a":0,"k":[-72,-118,0],"ix":1},"s":{"a":0,"k":[100,100,100],"ix":6}},"ao":0,"shapes":[{"ty":"gr","it":[{"ind":0,"ty":"sh","ix":1,"ks":{"a":0,"k":{"i":[[2.246,8.901],[0.184,0.65],[59.88,43.393],[52.896,-55.208],[-82.734,-47.898],[-20.082,-58.68],[-54.4,0],[0,62.592]],"o":[[0.272,-1.056],[-33.365,-118.127],[-61.911,-44.864],[-34.385,35.888],[51.617,29.884],[10.965,51.125],[62.592,0],[0,-9.599]],"v":[[192.605,62.142],[192.753,59.565],[30.049,-173.732],[-170.672,-156.756],[-132.255,-26.646],[-28.089,113.837],[82.716,203.293],[196.049,89.959]],"c":true},"ix":2},"nm":"Path 1","mn":"ADBE Vector Shape - Group","hd":false},{"ty":"gf","o":{"a":0,"k":100,"ix":10},"r":1,"bm":0,"g":{"p":3,"k":{"a":0,"k":[0,1,0.769,0.267,0.498,0.976,0.602,0.302,0.996,0.953,0.435,0.337],"ix":9}},"s":{"a":0,"k":[-965.617,493.293],"ix":5},"e":{"a":0,"k":[115.272,-56.04],"ix":6},"t":1,"nm":"Gradient Fill 1","mn":"ADBE Vector Graphic - G-Fill","hd":false},{"ty":"tr","p":{"a":0,"k":[0,0],"ix":2},"a":{"a":0,"k":[0,0],"ix":1},"s":{"a":0,"k":[100,100],"ix":3},"r":{"a":0,"k":0,"ix":6},"o":{"a":0,"k":100,"ix":7},"sk":{"a":0,"k":0,"ix":4},"sa":{"a":0,"k":0,"ix":5},"nm":"Transform"}],"nm":"arm R","np":2,"cix":2,"bm":0,"ix":1,"mn":"ADBE Vector Group","hd":false}],"ip":0,"op":240,"st":0,"bm":0},{"ddd":0,"ind":3,"ty":4,"nm":"hand R","parent":1,"sr":1,"ks":{"o":{"a":0,"k":100,"ix":11},"r":{"a":1,"k":[{"i":{"x":[0.504],"y":[1]},"o":{"x":[0.333],"y":[0]},"t":2,"s":[0]},{"i":{"x":[0.504],"y":[1]},"o":{"x":[0.333],"y":[0]},"t":18,"s":[5]},{"i":{"x":[0.504],"y":[1]},"o":{"x":[0.333],"y":[0]},"t":44,"s":[-19]},{"i":{"x":[0.667],"y":[1]},"o":{"x":[0.333],"y":[0]},"t":63,"s":[6]},{"i":{"x":[0.541],"y":[1]},"o":{"x":[0.333],"y":[0]},"t":98,"s":[-11]},{"t":121,"s":[0]}],"ix":10},"p":{"a":0,"k":[-72.011,224.21,0],"ix":2},"a":{"a":0,"k":[64,-16,0],"ix":1},"s":{"a":0,"k":[100,100,100],"ix":6}},"ao":0,"shapes":[{"ty":"gr","it":[{"ind":0,"ty":"sh","ix":1,"ks":{"a":0,"k":{"i":[[0,0],[25.01,12.505],[0,0],[-34.389,6.253],[-9.06,-2.456],[0,0]],"o":[[-11.087,1.987],[-25.01,-12.505],[0,0],[34.389,-6.252],[9.06,2.456],[0,0]],"v":[[53.295,-15.617],[10.946,-16.756],[-76.589,-13.63],[-10.938,8.254],[64.411,21.429],[76.589,-0.088]],"c":true},"ix":2},"nm":"Path 1","mn":"ADBE Vector Shape - Group","hd":false},{"ty":"gf","o":{"a":0,"k":100,"ix":10},"r":1,"bm":0,"g":{"p":3,"k":{"a":0,"k":[0,1,0.769,0.267,0.498,0.976,0.602,0.302,0.996,0.953,0.435,0.337],"ix":9}},"s":{"a":0,"k":[-21.33,-22.007],"ix":5},"e":{"a":0,"k":[130.293,88.974],"ix":6},"t":1,"nm":"Gradient Fill 1","mn":"ADBE Vector Graphic - G-Fill","hd":false},{"ty":"tr","p":{"a":0,"k":[0,0],"ix":2},"a":{"a":0,"k":[0,0],"ix":1},"s":{"a":0,"k":[100,100],"ix":3},"r":{"a":0,"k":0,"ix":6},"o":{"a":0,"k":100,"ix":7},"sk":{"a":0,"k":0,"ix":4},"sa":{"a":0,"k":0,"ix":5},"nm":"Transform"}],"nm":"hand Right girl","np":2,"cix":2,"bm":0,"ix":1,"mn":"ADBE Vector Group","hd":false}],"ip":0,"op":240,"st":0,"bm":0},{"ddd":0,"ind":4,"ty":4,"nm":"face","parent":7,"sr":1,"ks":{"o":{"a":0,"k":100,"ix":11},"r":{"a":1,"k":[{"i":{"x":[0.667],"y":[1]},"o":{"x":[0.333],"y":[0]},"t":2,"s":[-3]},{"i":{"x":[0.667],"y":[1]},"o":{"x":[0.333],"y":[0]},"t":18,"s":[0]},{"i":{"x":[0.667],"y":[1]},"o":{"x":[0.333],"y":[0]},"t":45,"s":[-3]},{"i":{"x":[0.833],"y":[1]},"o":{"x":[0.167],"y":[0]},"t":71,"s":[1]},{"i":{"x":[0.667],"y":[1]},"o":{"x":[0.167],"y":[0]},"t":98,"s":[1]},{"t":120,"s":[-3]}],"ix":10},"p":{"a":0,"k":[2340.026,999.641,0],"ix":2},"a":{"a":0,"k":[5.181,32.575,0],"ix":1},"s":{"a":0,"k":[100,100,100],"ix":6}},"ao":0,"shapes":[{"ty":"gr","it":[{"ind":0,"ty":"sh","ix":1,"ks":{"a":0,"k":{"i":[[2.311,-0.385],[27.641,10.082],[-19.633,7.293],[-8.038,-5.015],[8.654,-21.017],[-1.377,-3.098],[1.197,-1.211]],"o":[[0,0],[-24.753,-9.028],[6.548,-2.43],[5.654,3.526],[6.253,-1.811],[1.751,3.927],[-4.158,4.201]],"v":[[20.845,25.407],[-24.423,39.518],[-14.77,-40.729],[11.841,-37.07],[23.939,6.228],[37.072,9.159],[32.33,19.646]],"c":true},"ix":2},"nm":"Path 1","mn":"ADBE Vector Shape - Group","hd":false},{"ty":"gf","o":{"a":0,"k":100,"ix":10},"r":1,"bm":0,"g":{"p":3,"k":{"a":0,"k":[0,1,0.769,0.267,0.498,0.976,0.602,0.302,0.996,0.953,0.435,0.337],"ix":9}},"s":{"a":0,"k":[-23.845,8.935],"ix":5},"e":{"a":0,"k":[252.821,-157.63],"ix":6},"t":1,"nm":"Gradient Fill 1","mn":"ADBE Vector Graphic - G-Fill","hd":false},{"ty":"tr","p":{"a":0,"k":[0,0],"ix":2},"a":{"a":0,"k":[0,0],"ix":1},"s":{"a":0,"k":[100,100],"ix":3},"r":{"a":0,"k":0,"ix":6},"o":{"a":0,"k":100,"ix":7},"sk":{"a":0,"k":0,"ix":4},"sa":{"a":0,"k":0,"ix":5},"nm":"Transform"}],"nm":"face girl","np":2,"cix":2,"bm":0,"ix":1,"mn":"ADBE Vector Group","hd":false}],"ip":0,"op":240,"st":0,"bm":0},{"ddd":0,"ind":5,"ty":4,"nm":"hand L","parent":9,"sr":1,"ks":{"o":{"a":0,"k":100,"ix":11},"r":{"a":0,"k":25.455,"ix":10},"p":{"a":0,"k":[-214.802,23.189,0],"ix":2},"a":{"a":0,"k":[24,34,0],"ix":1},"s":{"a":0,"k":[100,100,100],"ix":6}},"ao":0,"shapes":[{"ty":"gr","it":[{"ind":0,"ty":"sh","ix":1,"ks":{"a":0,"k":{"i":[[2.957,38.093],[15.539,26.084],[-7.556,-17.247]],"o":[[0,0],[-15.539,-26.085],[7.556,17.247]],"v":[[35.051,31.273],[-25.282,-39.245],[-27.631,7.01]],"c":true},"ix":2},"nm":"Path 1","mn":"ADBE Vector Shape - Group","hd":false},{"ty":"gf","o":{"a":0,"k":100,"ix":10},"r":1,"bm":0,"g":{"p":3,"k":{"a":0,"k":[0,1,0.769,0.267,0.498,0.976,0.602,0.302,0.996,0.953,0.435,0.337],"ix":9}},"s":{"a":0,"k":[-5.743,-13.167],"ix":5},"e":{"a":0,"k":[54.3,523.879],"ix":6},"t":1,"nm":"Gradient Fill 1","mn":"ADBE Vector Graphic - G-Fill","hd":false},{"ty":"tr","p":{"a":0,"k":[0,0],"ix":2},"a":{"a":0,"k":[0,0],"ix":1},"s":{"a":0,"k":[100,100],"ix":3},"r":{"a":0,"k":0,"ix":6},"o":{"a":0,"k":100,"ix":7},"sk":{"a":0,"k":0,"ix":4},"sa":{"a":0,"k":0,"ix":5},"nm":"Transform"}],"nm":"hand Left girl","np":2,"cix":2,"bm":0,"ix":1,"mn":"ADBE Vector Group","hd":false}],"ip":0,"op":240,"st":0,"bm":0},{"ddd":0,"ind":6,"ty":4,"nm":"pen","parent":5,"sr":1,"ks":{"o":{"a":0,"k":100,"ix":11},"r":{"a":0,"k":-35.443,"ix":10},"p":{"a":0,"k":[-749.811,98.399,0],"ix":2},"a":{"a":0,"k":[1098.049,1191.984,0],"ix":1},"s":{"a":0,"k":[100,100,100],"ix":6}},"ao":0,"shapes":[{"ty":"gr","it":[{"ind":0,"ty":"sh","ix":1,"ks":{"a":0,"k":{"i":[[-3.526,-2.529],[0,0],[-3.338,17.042],[0,0]],"o":[[0,0],[11.053,-13.622],[0,0],[-4.203,-1.08]],"v":[[-70.832,-36.758],[50.937,43.881],[72.488,-2.13],[-67.571,-43.743]],"c":true},"ix":2},"nm":"Path 1","mn":"ADBE Vector Shape - Group","hd":false},{"ty":"gf","o":{"a":0,"k":100,"ix":10},"r":1,"bm":0,"g":{"p":3,"k":{"a":0,"k":[0,0.671,0.192,0.427,0.5,0.573,0.184,0.333,1,0.475,0.176,0.239],"ix":9}},"s":{"a":0,"k":[2582.275,-1136.961],"ix":5},"e":{"a":0,"k":[2894.684,-982.134],"ix":6},"t":1,"nm":"Gradient Fill 1","mn":"ADBE Vector Graphic - G-Fill","hd":false},{"ty":"tr","p":{"a":0,"k":[1168.304,1233.306],"ix":2},"a":{"a":0,"k":[0,0],"ix":1},"s":{"a":0,"k":[100,100],"ix":3},"r":{"a":0,"k":0,"ix":6},"o":{"a":0,"k":100,"ix":7},"sk":{"a":0,"k":0,"ix":4},"sa":{"a":0,"k":0,"ix":5},"nm":"Transform"}],"nm":"Group 1","np":2,"cix":2,"bm":0,"ix":1,"mn":"ADBE Vector Group","hd":false},{"ty":"gr","it":[{"ind":0,"ty":"sh","ix":1,"ks":{"a":0,"k":{"i":[[0,0],[37.842,-26.446],[0,0],[-4.203,-1.08]],"o":[[4.161,45.063],[0,0],[-3.526,-2.529],[0,0]],"v":[[182.218,-0.141],[132.056,107.283],[-181.191,-100.16],[-177.929,-107.145]],"c":true},"ix":2},"nm":"Path 1","mn":"ADBE Vector Shape - Group","hd":false},{"ty":"gf","o":{"a":0,"k":100,"ix":10},"r":1,"bm":0,"g":{"p":3,"k":{"a":0,"k":[0,1,0.769,0.267,0.498,0.976,0.602,0.302,0.996,0.953,0.435,0.337],"ix":9}},"s":{"a":0,"k":[2568.692,-1056.823],"ix":5},"e":{"a":0,"k":[3404.38,-559.537],"ix":6},"t":1,"nm":"Gradient Fill 1","mn":"ADBE Vector Graphic - G-Fill","hd":false},{"ty":"tr","p":{"a":0,"k":[1278.663,1296.708],"ix":2},"a":{"a":0,"k":[0,0],"ix":1},"s":{"a":0,"k":[100,100],"ix":3},"r":{"a":0,"k":0,"ix":6},"o":{"a":0,"k":100,"ix":7},"sk":{"a":0,"k":0,"ix":4},"sa":{"a":0,"k":0,"ix":5},"nm":"Transform"}],"nm":"Group 2","np":2,"cix":2,"bm":0,"ix":2,"mn":"ADBE Vector Group","hd":false},{"ty":"gr","it":[{"ind":0,"ty":"sh","ix":1,"ks":{"a":0,"k":{"i":[[0,0],[-4.088,14.494],[0,0],[0,0]],"o":[[8.59,-12.391],[0,0],[0,0],[0,0]],"v":[[739.273,369.849],[758.292,329.522],[-739.428,-369.849],[-758.292,-329.45]],"c":true},"ix":2},"nm":"Path 1","mn":"ADBE Vector Shape - Group","hd":false},{"ty":"gf","o":{"a":0,"k":100,"ix":10},"r":1,"bm":0,"g":{"p":3,"k":{"a":0,"k":[0,0.671,0.192,0.427,0.5,0.573,0.184,0.333,1,0.475,0.176,0.239],"ix":9}},"s":{"a":0,"k":[2939.472,-23.069],"ix":5},"e":{"a":0,"k":[2882.003,167.064],"ix":6},"t":1,"nm":"Gradient Fill 1","mn":"ADBE Vector Graphic - G-Fill","hd":false},{"ty":"tr","p":{"a":0,"k":[2184.445,1700.387],"ix":2},"a":{"a":0,"k":[0,0],"ix":1},"s":{"a":0,"k":[100,100],"ix":3},"r":{"a":0,"k":0,"ix":6},"o":{"a":0,"k":100,"ix":7},"sk":{"a":0,"k":0,"ix":4},"sa":{"a":0,"k":0,"ix":5},"nm":"Transform"}],"nm":"Group 3","np":2,"cix":2,"bm":0,"ix":3,"mn":"ADBE Vector Group","hd":false},{"ty":"gr","it":[{"ind":0,"ty":"sh","ix":1,"ks":{"a":0,"k":{"i":[[0,0],[32.636,-28.376],[0,0],[0,0]],"o":[[-0.806,43.239],[0,0],[0,0],[0,0]],"v":[[768.781,293.565],[718.619,400.988],[-768.781,-293.565],[-718.619,-400.988]],"c":true},"ix":2},"nm":"Path 1","mn":"ADBE Vector Shape - Group","hd":false},{"ty":"gf","o":{"a":0,"k":100,"ix":10},"r":1,"bm":0,"g":{"p":3,"k":{"a":0,"k":[0,0.671,0.192,0.427,0.5,0.573,0.184,0.333,1,0.475,0.176,0.239],"ix":9}},"s":{"a":0,"k":[2833.409,165.857],"ix":5},"e":{"a":0,"k":[3117.736,-16.741],"ix":6},"t":1,"nm":"Gradient Fill 1","mn":"ADBE Vector Graphic - G-Fill","hd":false},{"ty":"tr","p":{"a":0,"k":[2179.5,1697.555],"ix":2},"a":{"a":0,"k":[0,0],"ix":1},"s":{"a":0,"k":[100,100],"ix":3},"r":{"a":0,"k":0,"ix":6},"o":{"a":0,"k":100,"ix":7},"sk":{"a":0,"k":0,"ix":4},"sa":{"a":0,"k":0,"ix":5},"nm":"Transform"}],"nm":"Group 4","np":2,"cix":2,"bm":0,"ix":4,"mn":"ADBE Vector Group","hd":false},{"ty":"gr","it":[{"ind":0,"ty":"sh","ix":1,"ks":{"a":0,"k":{"i":[[0,0],[0,0],[0,2],[0,0],[0,0]],"o":[[0,0],[0,0],[0,-2],[0,0],[0,0]],"v":[[-868,-988],[-746,-594],[-632,-980],[-548,-592],[-402,-978]],"c":false},"ix":2},"nm":"Path 1","mn":"ADBE Vector Shape - Group","hd":false},{"ty":"tr","p":{"a":0,"k":[0,0],"ix":2},"a":{"a":0,"k":[0,0],"ix":1},"s":{"a":0,"k":[100,100],"ix":3},"r":{"a":0,"k":0,"ix":6},"o":{"a":0,"k":100,"ix":7},"sk":{"a":0,"k":0,"ix":4},"sa":{"a":0,"k":0,"ix":5},"nm":"Transform"}],"nm":"Group 5","np":1,"cix":2,"bm":0,"ix":5,"mn":"ADBE Vector Group","hd":false},{"ty":"gr","it":[{"ind":0,"ty":"sh","ix":1,"ks":{"a":0,"k":{"i":[[0,0],[0,0],[0,2],[0,0],[0,0]],"o":[[0,0],[0,0],[0,-2],[0,0],[0,0]],"v":[[-868,-988],[-746,-594],[-632,-980],[-548,-592],[-402,-978]],"c":false},"ix":2},"nm":"Path 1","mn":"ADBE Vector Shape - Group","hd":false},{"ty":"tr","p":{"a":0,"k":[0,0],"ix":2},"a":{"a":0,"k":[0,0],"ix":1},"s":{"a":0,"k":[100,100],"ix":3},"r":{"a":0,"k":0,"ix":6},"o":{"a":0,"k":100,"ix":7},"sk":{"a":0,"k":0,"ix":4},"sa":{"a":0,"k":0,"ix":5},"nm":"Transform"}],"nm":"Group 6","np":1,"cix":2,"bm":0,"ix":6,"mn":"ADBE Vector Group","hd":false}],"ip":0,"op":240,"st":0,"bm":0},{"ddd":0,"ind":7,"ty":4,"nm":"BODY","sr":1,"ks":{"o":{"a":0,"k":100,"ix":11},"r":{"a":1,"k":[{"i":{"x":[0.573],"y":[1]},"o":{"x":[0.333],"y":[0]},"t":0,"s":[-5]},{"i":{"x":[0.341],"y":[1]},"o":{"x":[0.333],"y":[0]},"t":47,"s":[-5]},{"i":{"x":[0.667],"y":[1]},"o":{"x":[0.333],"y":[0]},"t":65,"s":[1]},{"i":{"x":[0.667],"y":[1]},"o":{"x":[0.333],"y":[0]},"t":88,"s":[1]},{"i":{"x":[0.541],"y":[1]},"o":{"x":[0.333],"y":[0]},"t":96,"s":[2]},{"t":119,"s":[-5]}],"ix":10},"p":{"a":0,"k":[2377.746,1990.591,0],"ix":2},"a":{"a":0,"k":[2377.746,1990.591,0],"ix":1},"s":{"a":0,"k":[100,100,100],"ix":6}},"ao":0,"shapes":[{"ty":"gr","it":[{"ind":0,"ty":"sh","ix":1,"ks":{"a":0,"k":{"i":[[0,0],[-27.034,-16.784],[-4.813,-5.953],[85.381,43.087],[0,0],[0,0],[-14.28,8.141],[-14.37,20.419],[0,0]],"o":[[0,0],[27.036,16.773],[4.816,5.942],[0,0],[28.137,-5.868],[7.637,-2.16],[9.72,-5.534],[0,0],[0,0]],"v":[[14.629,-71.877],[50.824,18.153],[126.378,62.8],[-126.477,44.181],[-126.477,44.181],[-90.691,36.156],[-54.529,21.843],[-14.77,-14.924],[-15.084,-55.481]],"c":true},"ix":2},"nm":"Path 1","mn":"ADBE Vector Shape - Group","hd":false},{"ty":"gf","o":{"a":0,"k":100,"ix":10},"r":1,"bm":0,"g":{"p":3,"k":{"a":0,"k":[0,1,0.769,0.267,0.498,0.976,0.602,0.302,0.996,0.953,0.435,0.337],"ix":9}},"s":{"a":0,"k":[-9.95,66.594],"ix":5},"e":{"a":0,"k":[165.084,-187.487],"ix":6},"t":1,"nm":"Gradient Fill 1","mn":"ADBE Vector Graphic - G-Fill","hd":false},{"ty":"tr","p":{"a":0,"k":[2336.95,1038.406],"ix":2},"a":{"a":0,"k":[0,0],"ix":1},"s":{"a":0,"k":[100,100],"ix":3},"r":{"a":0,"k":0,"ix":6},"o":{"a":0,"k":100,"ix":7},"sk":{"a":0,"k":0,"ix":4},"sa":{"a":0,"k":0,"ix":5},"nm":"Transform"}],"nm":"neck","np":2,"cix":2,"bm":0,"ix":1,"mn":"ADBE Vector Group","hd":false},{"ty":"gr","it":[{"ty":"gr","it":[{"ind":0,"ty":"sh","ix":1,"ks":{"a":1,"k":[{"i":{"x":0.667,"y":1},"o":{"x":0.333,"y":0},"t":0,"s":[{"i":[[64.31,60.874],[48.633,37.911],[28.008,36.602],[21.001,49.784],[57.523,51.033],[28.545,59.668],[-11.727,32.336],[3.35,3.431],[13.1,-31.086],[-1.238,-207.23],[-32.137,-41.343],[-53.151,-61.826],[-38.135,-20.013],[-46.25,-9.863],[-51.08,-48.743],[-140.847,27.66],[0.63,4.339]],"o":[[-44.256,-41.899],[-47.474,-37.014],[-26.081,-34.082],[-19.284,-45.718],[-38.348,-34.027],[-49.54,-103.547],[15.881,-48.174],[-181.675,24.966],[-30.283,71.852],[0.588,99.054],[36.758,47.284],[40.841,47.498],[41.005,21.515],[77.267,16.477],[38.627,36.858],[3.257,-4.743],[-3.972,-27.39]],"v":[[230.896,369.866],[155.314,258.852],[47.015,202.25],[-23.608,100.234],[-125,-17.954],[-202.889,-148.97],[-206.063,-395.404],[-199.536,-463.689],[-374.547,-420.602],[-355.651,-115.119],[-333.608,64.39],[-201.34,158.867],[-128.904,256.493],[-15.531,262.794],[129.334,417.105],[380.223,452.072],[384.425,438.36]],"c":true}]},{"i":{"x":0.667,"y":1},"o":{"x":0.333,"y":0},"t":30,"s":[{"i":[[75.273,46.64],[55.284,27.314],[34.823,30.191],[38.996,53.257],[57.523,51.033],[28.545,59.668],[-11.727,32.336],[3.35,3.431],[13.1,-31.086],[-1.238,-207.23],[-32.137,-41.343],[-64.545,-49.813],[-41.392,-11.896],[-47.289,-0.32],[-59.871,-37.423],[-132.359,55.532],[1.493,4.123]],"o":[[-51.805,-32.099],[-53.97,-26.665],[-32.426,-28.113],[-29.314,-40.034],[-38.348,-34.026],[-49.54,-103.547],[15.881,-48.174],[-181.675,24.966],[-30.283,71.852],[0.588,99.054],[36.758,47.284],[49.591,38.272],[44.504,12.791],[79.002,0.534],[45.274,28.299],[2.232,-5.303],[-9.422,-26.024]],"v":[[260.336,284.454],[169.36,174.403],[45.399,157.336],[26.07,59.096],[-85.501,-10.483],[-202.889,-148.97],[-206.063,-395.404],[-199.536,-463.689],[-374.547,-420.602],[-355.651,-115.119],[-281.421,-4.324],[-205.492,117.917],[-85.883,166.303],[1.162,254.779],[180.554,327.021],[408.343,309.421],[409.689,295.144]],"c":true}]},{"i":{"x":0.667,"y":1},"o":{"x":0.333,"y":0},"t":59,"s":[{"i":[[64.31,60.874],[48.633,37.911],[28.008,36.602],[21.001,49.784],[57.523,51.033],[28.545,59.668],[-11.727,32.336],[3.35,3.431],[13.1,-31.086],[-1.238,-207.23],[-32.137,-41.343],[-53.151,-61.826],[-38.135,-20.013],[-46.25,-9.863],[-51.08,-48.743],[-140.847,27.66],[0.63,4.339]],"o":[[-44.256,-41.899],[-47.474,-37.014],[-26.081,-34.082],[-19.284,-45.718],[-38.348,-34.027],[-49.54,-103.547],[15.881,-48.174],[-181.675,24.966],[-30.283,71.852],[0.588,99.054],[36.758,47.284],[40.841,47.498],[41.005,21.515],[77.267,16.477],[38.627,36.858],[3.257,-4.743],[-3.972,-27.39]],"v":[[230.896,369.866],[155.314,258.852],[47.015,202.25],[-23.608,100.234],[-125,-17.954],[-202.889,-148.97],[-206.063,-395.404],[-199.536,-463.689],[-374.547,-420.602],[-355.651,-115.119],[-333.608,64.39],[-201.34,158.867],[-128.904,256.493],[-15.531,262.794],[129.334,417.105],[380.223,452.072],[384.425,438.36]],"c":true}]},{"i":{"x":0.667,"y":1},"o":{"x":0.333,"y":0},"t":89,"s":[{"i":[[75.273,46.64],[55.284,27.314],[34.823,30.191],[38.996,53.257],[57.523,51.033],[28.545,59.668],[-11.727,32.336],[3.35,3.431],[13.1,-31.086],[-1.238,-207.23],[-32.137,-41.343],[-64.545,-49.813],[-41.392,-11.896],[-47.289,-0.32],[-59.871,-37.423],[-132.359,55.532],[1.493,4.123]],"o":[[-51.805,-32.099],[-53.97,-26.665],[-32.426,-28.113],[-29.314,-40.034],[-38.348,-34.026],[-49.54,-103.547],[15.881,-48.174],[-181.675,24.966],[-30.283,71.852],[0.588,99.054],[36.758,47.284],[49.591,38.272],[44.504,12.791],[79.002,0.534],[45.274,28.299],[2.232,-5.303],[-9.422,-26.024]],"v":[[260.336,284.454],[169.36,174.403],[45.399,157.336],[26.07,59.096],[-85.501,-10.483],[-202.889,-148.97],[-206.063,-395.404],[-199.536,-463.689],[-374.547,-420.602],[-355.651,-115.119],[-281.421,-4.324],[-205.492,117.917],[-85.883,166.303],[1.162,254.779],[180.554,327.021],[408.343,309.421],[409.689,295.144]],"c":true}]},{"t":120,"s":[{"i":[[64.31,60.874],[48.633,37.911],[28.008,36.602],[21.001,49.784],[57.523,51.033],[28.545,59.668],[-11.727,32.336],[3.35,3.431],[13.1,-31.086],[-1.238,-207.23],[-32.137,-41.343],[-53.151,-61.826],[-38.135,-20.013],[-46.25,-9.863],[-51.08,-48.743],[-140.847,27.66],[0.63,4.339]],"o":[[-44.256,-41.899],[-47.474,-37.014],[-26.081,-34.082],[-19.284,-45.718],[-38.348,-34.027],[-49.54,-103.547],[15.881,-48.174],[-181.675,24.966],[-30.283,71.852],[0.588,99.054],[36.758,47.284],[40.841,47.498],[41.005,21.515],[77.267,16.477],[38.627,36.858],[3.257,-4.743],[-3.972,-27.39]],"v":[[230.896,369.866],[155.314,258.852],[47.015,202.25],[-23.608,100.234],[-125,-17.954],[-202.889,-148.97],[-206.063,-395.404],[-199.536,-463.689],[-374.547,-420.602],[-355.651,-115.119],[-333.608,64.39],[-201.34,158.867],[-128.904,256.493],[-15.531,262.794],[129.334,417.105],[380.223,452.072],[384.425,438.36]],"c":true}]}],"ix":2},"nm":"Path 1","mn":"ADBE Vector Shape - Group","hd":false},{"ty":"gf","o":{"a":0,"k":100,"ix":10},"r":1,"bm":0,"g":{"p":3,"k":{"a":0,"k":[0,1,0.769,0.267,0.498,0.976,0.602,0.302,0.996,0.953,0.435,0.337],"ix":9}},"s":{"a":0,"k":[-126.057,-631.785],"ix":5},"e":{"a":0,"k":[24.097,286.465],"ix":6},"t":1,"nm":"Gradient Fill 1","mn":"ADBE Vector Graphic - G-Fill","hd":false},{"ty":"tr","p":{"a":0,"k":[0,0],"ix":2},"a":{"a":0,"k":[0,0],"ix":1},"s":{"a":0,"k":[100,100],"ix":3},"r":{"a":0,"k":0,"ix":6},"o":{"a":0,"k":100,"ix":7},"sk":{"a":0,"k":0,"ix":4},"sa":{"a":0,"k":0,"ix":5},"nm":"Transform"}],"nm":"shadow body girl","np":2,"cix":2,"bm":0,"ix":1,"mn":"ADBE Vector Group","hd":false},{"ty":"tr","p":{"a":0,"k":[2742.057,1803.786],"ix":2},"a":{"a":0,"k":[0,0],"ix":1},"s":{"a":0,"k":[100,100],"ix":3},"r":{"a":0,"k":0,"ix":6},"o":{"a":0,"k":30,"ix":7},"sk":{"a":0,"k":0,"ix":4},"sa":{"a":0,"k":0,"ix":5},"nm":"Transform"}],"nm":"shadow girl","np":1,"cix":2,"bm":1,"ix":2,"mn":"ADBE Vector Group","hd":false},{"ty":"gr","it":[{"ind":0,"ty":"sh","ix":1,"ks":{"a":1,"k":[{"i":{"x":0.667,"y":1},"o":{"x":0.333,"y":0},"t":0,"s":[{"i":[[-15.211,23.639],[-87.716,20.624],[-64.55,-2.367],[-37.577,-8.145],[-5.565,-83.068],[44.747,-105.015],[-35.566,-74.347],[-38.348,-34.028],[-19.284,-45.719],[-32.425,-28.113],[-49.994,-33.533],[-48.155,-37.353],[-9.421,-26.025],[47.797,-23.093],[28.578,7.67],[60.328,16.188],[212.86,-5.377],[31.933,39],[-17.5,168.402],[-0.001,0.016],[-0.072,67.101],[27.507,129.59],[12.029,93.526]],"o":[[6.5,-10.1],[31.46,-7.398],[10.819,0.397],[80.09,17.352],[3.972,59.321],[-32.601,76.509],[28.543,59.669],[57.522,51.028],[21.001,49.784],[34.822,30.192],[45.224,30.333],[73.767,57.219],[8.104,22.386],[-94.656,45.732],[-79.125,-21.237],[-101.01,-27.104],[-115.271,2.918],[-29.163,-35.626],[0,0],[5.623,-56.238],[0.042,-39.657],[-1.624,-7.641],[-10.83,-84.221]],"v":[[-523.927,-550.005],[-409.04,-608.71],[-262.462,-624.909],[-179.2,-614.587],[36.752,-461.778],[-53.753,-285.039],[-50.577,-38.606],[27.311,92.411],[128.703,210.598],[202.754,313.314],[305.384,367.664],[382.887,482.56],[537.321,549.908],[446.012,612.945],[241.871,582.884],[39.703,588.727],[-275.774,508.57],[-481.264,473.145],[-477.596,230.045],[-477.595,230.025],[-460.124,-11.065],[-501.341,-245.108],[-529.879,-416.286]],"c":true}]},{"i":{"x":0.667,"y":1},"o":{"x":0.333,"y":0},"t":30,"s":[{"i":[[-15.211,23.639],[-87.716,20.624],[-64.55,-2.367],[-37.577,-8.145],[-5.565,-83.068],[44.746,-105.015],[-35.566,-74.347],[-38.348,-34.028],[-12.92,-47.908],[-32.425,-28.113],[-53.971,-26.663],[-51.808,-32.094],[-9.421,-26.025],[47.797,-23.093],[28.578,7.67],[60.328,16.188],[212.86,-5.377],[31.933,39],[-17.5,168.402],[-0.001,0.016],[-0.072,67.101],[27.507,129.59],[12.029,93.526]],"o":[[6.5,-10.1],[31.46,-7.398],[10.819,0.397],[80.09,17.352],[3.972,59.321],[-32.601,76.509],[28.543,59.669],[57.523,51.028],[10.909,40.451],[34.822,30.192],[55.285,27.312],[75.277,46.633],[8.104,22.386],[-94.656,45.732],[-79.125,-21.237],[-101.01,-27.104],[-115.271,2.918],[-29.163,-35.626],[0,0],[5.623,-56.238],[0.042,-39.657],[-1.624,-7.641],[-10.83,-84.221]],"v":[[-523.927,-550.005],[-409.04,-608.71],[-262.462,-624.909],[-179.2,-614.587],[36.752,-461.778],[-53.753,-285.038],[-50.577,-38.606],[66.81,99.883],[193.381,194.172],[198.707,267.788],[321.671,284.768],[412.647,394.82],[562,405.51],[484.264,519.925],[265.243,533.734],[133.369,470.439],[-275.774,508.57],[-451.801,457.653],[-437.748,233.531],[-437.747,233.511],[-460.124,-11.066],[-501.341,-245.108],[-529.879,-416.286]],"c":true}]},{"i":{"x":0.667,"y":1},"o":{"x":0.333,"y":0},"t":59,"s":[{"i":[[-15.211,23.639],[-87.716,20.624],[-64.55,-2.367],[-37.577,-8.145],[-5.565,-83.068],[44.747,-105.015],[-35.565,-74.347],[-38.348,-34.028],[-19.284,-45.719],[-32.426,-28.113],[-49.994,-33.533],[-48.155,-37.353],[-9.421,-26.025],[47.797,-23.093],[28.578,7.67],[60.328,16.188],[212.86,-5.377],[31.933,39],[-17.5,168.401],[-0.001,0.016],[-0.073,67.101],[27.507,129.59],[12.029,93.526]],"o":[[6.5,-10.1],[31.46,-7.398],[10.819,0.397],[80.09,17.353],[3.972,59.321],[-32.601,76.509],[28.543,59.669],[57.522,51.028],[21.001,49.784],[34.822,30.192],[45.224,30.333],[73.767,57.219],[8.104,22.386],[-94.656,45.732],[-79.125,-21.237],[-101.01,-27.104],[-115.271,2.918],[-29.163,-35.626],[0,0],[5.623,-56.238],[0.042,-39.657],[-1.624,-7.642],[-10.83,-84.221]],"v":[[-523.927,-550.005],[-409.04,-608.71],[-262.462,-624.909],[-179.2,-614.587],[36.751,-461.778],[-53.753,-285.039],[-50.577,-38.606],[27.311,92.411],[128.703,210.598],[202.754,313.314],[305.384,367.664],[382.887,482.56],[537.321,549.908],[446.011,612.945],[241.871,582.884],[39.703,588.727],[-275.774,508.57],[-481.264,473.145],[-477.596,230.045],[-477.595,230.025],[-460.124,-11.065],[-501.341,-245.108],[-529.879,-416.286]],"c":true}]},{"i":{"x":0.667,"y":1},"o":{"x":0.333,"y":0},"t":89,"s":[{"i":[[-15.211,23.639],[-87.716,20.624],[-64.55,-2.367],[-37.577,-8.145],[-5.565,-83.068],[44.747,-105.015],[-35.566,-74.347],[-38.348,-34.028],[-12.92,-47.908],[-32.426,-28.113],[-53.971,-26.663],[-51.808,-32.094],[-9.421,-26.025],[47.797,-23.093],[28.578,7.67],[60.328,16.188],[212.861,-5.377],[31.933,39],[-17.5,168.402],[-0.001,0.016],[-0.073,67.101],[27.507,129.59],[12.029,93.526]],"o":[[6.5,-10.1],[31.46,-7.398],[10.819,0.397],[80.09,17.353],[3.972,59.321],[-32.601,76.509],[28.543,59.669],[57.523,51.028],[10.908,40.45],[34.823,30.192],[55.285,27.312],[75.277,46.633],[8.104,22.386],[-94.656,45.732],[-79.125,-21.237],[-101.01,-27.104],[-115.271,2.918],[-29.163,-35.626],[0,0],[5.623,-56.238],[0.042,-39.657],[-1.624,-7.641],[-10.83,-84.221]],"v":[[-523.927,-550.005],[-409.04,-608.71],[-262.462,-624.909],[-179.2,-614.587],[36.752,-461.778],[-53.753,-285.038],[-50.577,-38.606],[66.81,99.883],[193.381,194.172],[198.707,267.788],[321.671,284.768],[412.647,394.82],[562,405.51],[484.264,519.925],[265.243,533.734],[133.369,470.439],[-275.774,508.57],[-451.802,457.653],[-437.748,233.531],[-437.747,233.511],[-460.124,-11.066],[-501.341,-245.108],[-529.879,-416.286]],"c":true}]},{"t":120,"s":[{"i":[[-15.211,23.639],[-87.716,20.624],[-64.55,-2.367],[-37.577,-8.145],[-5.565,-83.068],[44.747,-105.015],[-35.565,-74.347],[-38.348,-34.028],[-19.284,-45.719],[-32.426,-28.113],[-49.994,-33.533],[-48.155,-37.353],[-9.421,-26.025],[47.797,-23.093],[28.578,7.67],[60.328,16.188],[212.86,-5.377],[31.933,39],[-17.5,168.401],[-0.001,0.016],[-0.073,67.101],[27.507,129.59],[12.029,93.526]],"o":[[6.5,-10.1],[31.46,-7.398],[10.819,0.397],[80.09,17.353],[3.972,59.321],[-32.601,76.509],[28.543,59.669],[57.522,51.028],[21.001,49.784],[34.822,30.192],[45.224,30.333],[73.767,57.219],[8.104,22.386],[-94.656,45.732],[-79.125,-21.237],[-101.01,-27.104],[-115.271,2.918],[-29.163,-35.626],[0,0],[5.623,-56.238],[0.042,-39.657],[-1.624,-7.642],[-10.83,-84.221]],"v":[[-523.927,-550.005],[-409.04,-608.71],[-262.462,-624.909],[-179.2,-614.587],[36.751,-461.778],[-53.753,-285.039],[-50.577,-38.606],[27.311,92.411],[128.703,210.598],[202.754,313.314],[305.384,367.664],[382.887,482.56],[537.321,549.908],[446.011,612.945],[241.871,582.884],[39.703,588.727],[-275.774,508.57],[-481.264,473.145],[-477.596,230.045],[-477.595,230.025],[-460.124,-11.065],[-501.341,-245.108],[-529.879,-416.286]],"c":true}]}],"ix":2},"nm":"Path 1","mn":"ADBE Vector Shape - Group","hd":false},{"ty":"gf","o":{"a":0,"k":100,"ix":10},"r":1,"bm":0,"g":{"p":3,"k":{"a":0,"k":[0,1,0.769,0.267,0.498,0.976,0.602,0.302,0.996,0.953,0.435,0.337],"ix":9}},"s":{"a":0,"k":[-820.746,423.579],"ix":5},"e":{"a":0,"k":[260.143,-125.755],"ix":6},"t":1,"nm":"Gradient Fill 1","mn":"ADBE Vector Graphic - G-Fill","hd":false},{"ty":"tr","p":{"a":0,"k":[2589.746,1693.421],"ix":2},"a":{"a":0,"k":[0,0],"ix":1},"s":{"a":0,"k":[100,100],"ix":3},"r":{"a":0,"k":0,"ix":6},"o":{"a":0,"k":100,"ix":7},"sk":{"a":0,"k":0,"ix":4},"sa":{"a":0,"k":0,"ix":5},"nm":"Transform"}],"nm":"shape body","np":2,"cix":2,"bm":0,"ix":3,"mn":"ADBE Vector Group","hd":false}],"ip":0,"op":240,"st":0,"bm":0},{"ddd":0,"ind":8,"ty":4,"nm":"hair","parent":4,"sr":1,"ks":{"o":{"a":0,"k":100,"ix":11},"r":{"a":0,"k":0,"ix":10},"p":{"a":0,"k":[-6.232,-27.859,0],"ix":2},"a":{"a":0,"k":[-384,-514,0],"ix":1},"s":{"a":0,"k":[100,100,100],"ix":6}},"ao":0,"shapes":[{"ty":"gr","it":[{"ind":0,"ty":"sh","ix":1,"ks":{"a":1,"k":[{"i":{"x":0.833,"y":0.833},"o":{"x":0.333,"y":0},"t":0,"s":[{"i":[[133.927,123.797],[23.638,61.024],[-37.185,49.784],[-36.135,-7.105],[-52.471,-43.283],[-36.538,-15.054],[-62.844,-2.77],[-43.208,-62.656],[-84.003,-130.276],[-65.195,-82.624],[5.806,-50.691],[71.355,-4.566],[35.486,-23.99],[26.825,-39.902],[10.976,-1.649],[58.347,141.541]],"o":[[-24.636,-22.772],[-7.117,-18.368],[22.072,-29.553],[30.878,6.07],[20.423,16.846],[62.597,25.799],[77.204,3.403],[76.696,111.206],[27.528,42.68],[65.282,82.73],[-8.063,70.351],[-69.702,4.467],[-25.259,17.065],[-34.579,51.449],[-101.885,15.37],[-105.21,-255.238]],"v":[[-349.039,-292.83],[-444.443,-402.876],[-439.581,-536.112],[-340.378,-578.627],[-252.201,-507.766],[-162.411,-448.786],[0.639,-444.493],[210.74,-335.346],[260.341,18.946],[366.629,134.682],[458.747,309.465],[303.552,451.585],[154.054,425.202],[116.412,515.377],[2.889,578.727],[-294.717,333.085]],"c":true}]},{"i":{"x":0.667,"y":1},"o":{"x":0.167,"y":0.167},"t":30,"s":[{"i":[[133.927,123.797],[23.638,61.024],[-37.185,49.784],[-36.135,-7.105],[-52.471,-43.283],[-36.538,-15.054],[-60.474,-13.921],[-43.208,-62.656],[-84.004,-130.276],[-26.183,-89.382],[12.608,-49.753],[71.355,-4.566],[35.486,-23.991],[29.186,-29.706],[10.976,-1.649],[58.347,141.542]],"o":[[-24.636,-22.772],[-7.117,-18.368],[22.071,-29.553],[30.878,6.07],[20.423,16.846],[62.597,25.799],[79.407,19.115],[76.696,111.206],[27.528,42.68],[25.883,95.094],[-22.611,82.83],[-69.702,4.467],[-25.259,17.065],[-43.669,42.452],[-101.885,15.37],[-105.21,-255.238]],"v":[[-349.039,-292.83],[-444.443,-402.876],[-446.042,-547.892],[-338.206,-588.354],[-250.028,-517.493],[-160.238,-458.513],[-19.008,-416.75],[166.423,-304.769],[334.886,-34.894],[381.707,138.548],[440.147,307.428],[288.053,411.134],[170.872,453.617],[120.429,519.138],[2.889,578.727],[-294.717,333.085]],"c":true}]},{"i":{"x":0.833,"y":0.833},"o":{"x":0.333,"y":0},"t":59,"s":[{"i":[[133.927,123.797],[23.638,61.024],[-37.185,49.784],[-36.135,-7.105],[-52.471,-43.283],[-36.538,-15.054],[-62.844,-2.77],[-43.208,-62.656],[-84.003,-130.276],[-65.195,-82.624],[5.806,-50.691],[71.355,-4.566],[35.486,-23.99],[26.825,-39.902],[10.976,-1.649],[58.347,141.541]],"o":[[-24.636,-22.772],[-7.117,-18.368],[22.072,-29.553],[30.878,6.07],[20.423,16.846],[62.597,25.799],[77.204,3.403],[76.696,111.206],[27.528,42.68],[65.282,82.73],[-8.063,70.351],[-69.702,4.467],[-25.259,17.065],[-34.579,51.449],[-101.885,15.37],[-105.21,-255.238]],"v":[[-349.039,-292.83],[-444.443,-402.876],[-439.581,-536.112],[-340.378,-578.627],[-252.201,-507.766],[-162.411,-448.786],[0.639,-444.493],[210.74,-335.346],[260.341,18.946],[366.629,134.682],[458.747,309.465],[303.552,451.585],[154.054,425.202],[116.412,515.377],[2.889,578.727],[-294.717,333.085]],"c":true}]},{"i":{"x":0.667,"y":1},"o":{"x":0.167,"y":0.167},"t":89,"s":[{"i":[[133.927,123.797],[23.638,61.024],[-37.185,49.784],[-36.135,-7.105],[-52.471,-43.283],[-36.538,-15.054],[-60.474,-13.921],[-43.208,-62.656],[-84.004,-130.276],[-26.183,-89.382],[12.608,-49.753],[71.355,-4.566],[35.486,-23.991],[29.186,-29.706],[10.976,-1.649],[58.347,141.542]],"o":[[-24.636,-22.772],[-7.117,-18.368],[22.071,-29.553],[30.878,6.07],[20.423,16.846],[62.597,25.799],[79.407,19.115],[76.696,111.206],[27.528,42.68],[25.883,95.094],[-22.611,82.83],[-69.702,4.467],[-25.259,17.065],[-43.669,42.452],[-101.885,15.37],[-105.21,-255.238]],"v":[[-349.039,-292.83],[-444.443,-402.876],[-446.042,-547.892],[-338.206,-588.354],[-250.028,-517.493],[-160.238,-458.513],[-19.008,-416.75],[166.423,-304.769],[334.886,-34.894],[381.707,138.548],[440.147,307.428],[288.053,411.134],[170.872,453.617],[120.429,519.138],[2.889,578.727],[-294.717,333.085]],"c":true}]},{"t":120,"s":[{"i":[[133.927,123.797],[23.638,61.024],[-37.185,49.784],[-36.135,-7.105],[-52.471,-43.283],[-36.538,-15.054],[-62.844,-2.77],[-43.208,-62.656],[-84.003,-130.276],[-65.195,-82.624],[5.806,-50.691],[71.355,-4.566],[35.486,-23.99],[26.825,-39.902],[10.976,-1.649],[58.347,141.541]],"o":[[-24.636,-22.772],[-7.117,-18.368],[22.072,-29.553],[30.878,6.07],[20.423,16.846],[62.597,25.799],[77.204,3.403],[76.696,111.206],[27.528,42.68],[65.282,82.73],[-8.063,70.351],[-69.702,4.467],[-25.259,17.065],[-34.579,51.449],[-101.885,15.37],[-105.21,-255.238]],"v":[[-349.039,-292.83],[-444.443,-402.876],[-439.581,-536.112],[-340.378,-578.627],[-252.201,-507.766],[-162.411,-448.786],[0.639,-444.493],[210.74,-335.346],[260.341,18.946],[366.629,134.682],[458.747,309.465],[303.552,451.585],[154.054,425.202],[116.412,515.377],[2.889,578.727],[-294.717,333.085]],"c":true}]}],"ix":2},"nm":"Path 1","mn":"ADBE Vector Shape - Group","hd":false},{"ty":"gf","o":{"a":0,"k":100,"ix":10},"r":1,"bm":0,"g":{"p":3,"k":{"a":0,"k":[0,0.192,0.098,0.267,0.5,0.306,0.161,0.365,1,0.42,0.224,0.463],"ix":9}},"s":{"a":0,"k":[472.388,472.794],"ix":5},"e":{"a":0,"k":[-184.09,-94.591],"ix":6},"t":1,"nm":"Gradient Fill 1","mn":"ADBE Vector Graphic - G-Fill","hd":false},{"ty":"tr","p":{"a":0,"k":[0,0],"ix":2},"a":{"a":0,"k":[0,0],"ix":1},"s":{"a":0,"k":[100,100],"ix":3},"r":{"a":0,"k":0,"ix":6},"o":{"a":0,"k":100,"ix":7},"sk":{"a":0,"k":0,"ix":4},"sa":{"a":0,"k":0,"ix":5},"nm":"Transform"}],"nm":"hair girl","np":2,"cix":2,"bm":0,"ix":1,"mn":"ADBE Vector Group","hd":false}],"ip":0,"op":240,"st":0,"bm":0},{"ddd":0,"ind":9,"ty":4,"nm":"forearm L","parent":10,"sr":1,"ks":{"o":{"a":0,"k":100,"ix":11},"r":{"a":1,"k":[{"i":{"x":[0.504],"y":[1]},"o":{"x":[0.333],"y":[0]},"t":2,"s":[14.008]},{"i":{"x":[0.504],"y":[1]},"o":{"x":[0.333],"y":[0]},"t":18,"s":[20.008]},{"i":{"x":[0.504],"y":[1]},"o":{"x":[0.333],"y":[0]},"t":44,"s":[42.008]},{"i":{"x":[0.667],"y":[1]},"o":{"x":[0.333],"y":[0]},"t":63,"s":[79.008]},{"i":{"x":[0.667],"y":[1]},"o":{"x":[0.333],"y":[0]},"t":90,"s":[79.008]},{"i":{"x":[0.541],"y":[1]},"o":{"x":[0.333],"y":[0]},"t":98,"s":[81]},{"t":121,"s":[14.008]}],"ix":10},"p":{"a":0,"k":[-19.948,127.148,0],"ix":2},"a":{"a":0,"k":[122,-36,0],"ix":1},"s":{"a":0,"k":[100,100,100],"ix":6}},"ao":0,"shapes":[{"ty":"gr","it":[{"ind":0,"ty":"sh","ix":1,"ks":{"a":0,"k":{"i":[[0,20.624],[63.998,0],[20.19,-34.019],[0.049,-0.086],[43.165,-15.576],[4.668,3.569],[9.806,-11.495],[-112.947,29.319],[-27.742,54.422]],"o":[[0,-63.997],[-42.428,0],[-0.089,0.069],[-17.319,30.147],[-81.024,29.235],[-9.806,11.492],[69.106,126.842],[79.575,-20.654],[9.445,-16.776]],"v":[[242.442,-42.14],[126.565,-158.017],[26.853,-101.192],[26.638,-100.962],[-59.541,-20.705],[-213.022,-45.028],[-242.442,-10.549],[72.568,150.986],[227.603,14.622]],"c":true},"ix":2},"nm":"Path 1","mn":"ADBE Vector Shape - Group","hd":false},{"ty":"gf","o":{"a":0,"k":100,"ix":10},"r":1,"bm":0,"g":{"p":3,"k":{"a":0,"k":[0,1,0.769,0.267,0.498,0.976,0.602,0.302,0.996,0.953,0.435,0.337],"ix":9}},"s":{"a":0,"k":[236.32,-79.806],"ix":5},"e":{"a":0,"k":[-347.68,174.861],"ix":6},"t":1,"nm":"Gradient Fill 1","mn":"ADBE Vector Graphic - G-Fill","hd":false},{"ty":"tr","p":{"a":0,"k":[0,0],"ix":2},"a":{"a":0,"k":[0,0],"ix":1},"s":{"a":0,"k":[100,100],"ix":3},"r":{"a":0,"k":0,"ix":6},"o":{"a":0,"k":100,"ix":7},"sk":{"a":0,"k":0,"ix":4},"sa":{"a":0,"k":0,"ix":5},"nm":"Transform"}],"nm":"forearm L","np":2,"cix":2,"bm":0,"ix":1,"mn":"ADBE Vector Group","hd":false}],"ip":0,"op":240,"st":0,"bm":0},{"ddd":0,"ind":10,"ty":4,"nm":"arm L","parent":7,"sr":1,"ks":{"o":{"a":0,"k":100,"ix":11},"r":{"a":1,"k":[{"i":{"x":[0.504],"y":[1]},"o":{"x":[0.333],"y":[0]},"t":1,"s":[2.421]},{"i":{"x":[0.504],"y":[1]},"o":{"x":[0.333],"y":[0]},"t":17,"s":[11.421]},{"i":{"x":[0.504],"y":[1]},"o":{"x":[0.333],"y":[0]},"t":43,"s":[-28.579]},{"i":{"x":[0.667],"y":[1]},"o":{"x":[0.333],"y":[0]},"t":62,"s":[-37.579]},{"i":{"x":[0.541],"y":[1]},"o":{"x":[0.333],"y":[0]},"t":97,"s":[-37.579]},{"t":120,"s":[2.421]}],"ix":10},"p":{"a":0,"k":[2108.751,1190.052,0],"ix":2},"a":{"a":0,"k":[13.088,-156.336,0],"ix":1},"s":{"a":0,"k":[100,100,100],"ix":6}},"ao":0,"shapes":[{"ty":"gr","it":[{"ind":0,"ty":"sh","ix":1,"ks":{"a":0,"k":{"i":[[60.355,6.941],[16.703,-19.717],[51.232,-99.33],[5.064,-8.815],[0.119,-0.276],[0,-21.139],[-63.997,0],[-17.441,41.923],[-2.919,11.403]],"o":[[-25.332,-2.915],[-60.146,71.007],[-3.859,7.481],[-0.15,0.261],[-9.887,17.062],[0,63.998],[48.238,0],[16.889,-36.207],[37.288,-145.663]],"v":[[45.477,-212.324],[-38.01,-193.996],[-102.04,37.448],[-115.311,62.185],[-115.71,62.993],[-131.261,121.008],[-15.383,236.886],[91.644,165.485],[119.478,86.539]],"c":true},"ix":2},"nm":"Path 1","mn":"ADBE Vector Shape - Group","hd":false},{"ty":"gf","o":{"a":0,"k":100,"ix":10},"r":1,"bm":0,"g":{"p":3,"k":{"a":0,"k":[0,1,0.769,0.267,0.498,0.976,0.602,0.302,0.996,0.953,0.435,0.337],"ix":9}},"s":{"a":0,"k":[51.371,-15.658],"ix":5},"e":{"a":0,"k":[-532.629,239.008],"ix":6},"t":1,"nm":"Gradient Fill 1","mn":"ADBE Vector Graphic - G-Fill","hd":false},{"ty":"tr","p":{"a":0,"k":[0,0],"ix":2},"a":{"a":0,"k":[0,0],"ix":1},"s":{"a":0,"k":[100,100],"ix":3},"r":{"a":0,"k":0,"ix":6},"o":{"a":0,"k":100,"ix":7},"sk":{"a":0,"k":0,"ix":4},"sa":{"a":0,"k":0,"ix":5},"nm":"Transform"}],"nm":"arm L","np":2,"cix":2,"bm":0,"ix":1,"mn":"ADBE Vector Group","hd":false}],"ip":0,"op":240,"st":0,"bm":0},{"ddd":0,"ind":11,"ty":4,"nm":"leg R","sr":1,"ks":{"o":{"a":0,"k":100,"ix":11},"r":{"a":1,"k":[{"i":{"x":[0.487],"y":[1]},"o":{"x":[0.333],"y":[0]},"t":48,"s":[0]},{"i":{"x":[0.553],"y":[1]},"o":{"x":[0.333],"y":[0]},"t":67,"s":[11]},{"i":{"x":[0.518],"y":[1]},"o":{"x":[0.333],"y":[0]},"t":97,"s":[11]},{"t":120,"s":[0]}],"ix":10},"p":{"a":0,"k":[2522.092,2104.661,0],"ix":2},"a":{"a":0,"k":[2522.092,2104.661,0],"ix":1},"s":{"a":0,"k":[100,100,100],"ix":6}},"ao":0,"shapes":[{"ty":"gr","it":[{"ind":0,"ty":"sh","ix":1,"ks":{"a":0,"k":{"i":[[76.631,11.024],[-32.262,-66.641],[-25.094,-76.016],[-4.742,-21.787],[-99.593,-131.687],[-16.234,8.562],[-1.628,3.22],[12.971,81.653],[18.8,98.992],[12.914,58.301],[37.997,118.354]],"o":[[43.438,224.327],[7.957,16.433],[22.217,67.287],[14.976,68.763],[1.241,0.732],[8.216,-4.336],[-13.021,-125.904],[-2.726,-17.126],[-7.356,-38.739],[-16.077,-72.601],[-76.631,-11.026]],"v":[[-207.064,-499.495],[-88.729,-90.706],[-29.131,54.768],[7.086,193.338],[158.665,494.19],[193.124,495.963],[207.064,481.497],[166.126,168.142],[132.614,-22.902],[101.563,-176.703],[22.832,-466.429]],"c":true},"ix":2},"nm":"Path 1","mn":"ADBE Vector Shape - Group","hd":false},{"ty":"gf","o":{"a":0,"k":100,"ix":10},"r":1,"bm":0,"g":{"p":3,"k":{"a":0,"k":[0,0.192,0.098,0.267,0.5,0.41,0.161,0.365,1,0.627,0.224,0.463],"ix":9}},"s":{"a":0,"k":[-262.64,235.821],"ix":5},"e":{"a":0,"k":[407.389,-389.038],"ix":6},"t":1,"nm":"Gradient Fill 1","mn":"ADBE Vector Graphic - G-Fill","hd":false},{"ty":"tr","p":{"a":0,"k":[2607.64,2547.179],"ix":2},"a":{"a":0,"k":[0,0],"ix":1},"s":{"a":0,"k":[100,100],"ix":3},"r":{"a":0,"k":0,"ix":6},"o":{"a":0,"k":100,"ix":7},"sk":{"a":0,"k":0,"ix":4},"sa":{"a":0,"k":0,"ix":5},"nm":"Transform"}],"nm":"Group 1","np":2,"cix":2,"bm":0,"ix":1,"mn":"ADBE Vector Group","hd":false},{"ty":"gr","it":[{"ind":0,"ty":"sh","ix":1,"ks":{"a":0,"k":{"i":[[0,0],[-6.328,-14.216],[-8.664,-10.231],[-4.808,3.166],[25.225,67.714],[0,0],[0,0]],"o":[[8.411,23.444],[13.998,31.454],[7.559,8.912],[4.885,-3.209],[-3.666,-9.824],[0,0],[0,0]],"v":[[-42.206,-67.768],[-19.377,-10.833],[10.939,42.653],[41.195,67.416],[7.764,-26.628],[-7.473,-67.768],[-7.473,-67.768]],"c":true},"ix":2},"nm":"Path 1","mn":"ADBE Vector Shape - Group","hd":false},{"ty":"gf","o":{"a":0,"k":100,"ix":10},"r":1,"bm":0,"g":{"p":3,"k":{"a":0,"k":[0,1,0.769,0.267,0.498,0.976,0.602,0.302,0.996,0.953,0.435,0.337],"ix":9}},"s":{"a":0,"k":[1.597,103.13],"ix":5},"e":{"a":0,"k":[-13.46,-585.714],"ix":6},"t":1,"nm":"Gradient Fill 1","mn":"ADBE Vector Graphic - G-Fill","hd":false},{"ty":"tr","p":{"a":0,"k":[2801.403,3069.87],"ix":2},"a":{"a":0,"k":[0,0],"ix":1},"s":{"a":0,"k":[100,100],"ix":3},"r":{"a":0,"k":0,"ix":6},"o":{"a":0,"k":100,"ix":7},"sk":{"a":0,"k":0,"ix":4},"sa":{"a":0,"k":0,"ix":5},"nm":"Transform"}],"nm":"Group 2","np":2,"cix":2,"bm":0,"ix":2,"mn":"ADBE Vector Group","hd":false}],"ip":0,"op":240,"st":0,"bm":0},{"ddd":0,"ind":12,"ty":4,"nm":"foot R","parent":11,"sr":1,"ks":{"o":{"a":0,"k":100,"ix":11},"r":{"a":0,"k":0,"ix":10},"p":{"a":0,"k":[2810.298,3078.395,0],"ix":2},"a":{"a":0,"k":[-14,-48,0],"ix":1},"s":{"a":0,"k":[100,100,100],"ix":6}},"ao":0,"shapes":[{"ty":"gr","it":[{"ind":0,"ty":"sh","ix":1,"ks":{"a":0,"k":{"i":[[0,0],[-4.639,-15.462],[-28.934,-17.585],[8.419,22.817],[8.398,8.425]],"o":[[0,0],[4.637,15.463],[28.932,17.586],[-8.421,-22.819],[-8.398,-8.423]],"v":[[-33.802,-62.128],[-46.564,-33.756],[27.607,61.248],[39.052,19.38],[0.717,-62.128]],"c":true},"ix":2},"nm":"Path 1","mn":"ADBE Vector Shape - Group","hd":false},{"ty":"gf","o":{"a":0,"k":100,"ix":10},"r":1,"bm":0,"g":{"p":3,"k":{"a":0,"k":[0,0.267,0.294,0.549,0.498,0.208,0.222,0.429,0.996,0.149,0.149,0.31],"ix":9}},"s":{"a":0,"k":[-13.297,-223.395],"ix":5},"e":{"a":0,"k":[15.045,286.781],"ix":6},"t":1,"nm":"Gradient Fill 1","mn":"ADBE Vector Graphic - G-Fill","hd":false},{"ty":"tr","p":{"a":0,"k":[0,0],"ix":2},"a":{"a":0,"k":[0,0],"ix":1},"s":{"a":0,"k":[100,100],"ix":3},"r":{"a":0,"k":0,"ix":6},"o":{"a":0,"k":100,"ix":7},"sk":{"a":0,"k":0,"ix":4},"sa":{"a":0,"k":0,"ix":5},"nm":"Transform"}],"nm":"foot Right girl","np":2,"cix":2,"bm":0,"ix":1,"mn":"ADBE Vector Group","hd":false}],"ip":0,"op":240,"st":0,"bm":0},{"ddd":0,"ind":13,"ty":4,"nm":"leg Leg girl","sr":1,"ks":{"o":{"a":0,"k":100,"ix":11},"r":{"a":0,"k":0,"ix":10},"p":{"a":0,"k":[2251.356,2122.325,0],"ix":2},"a":{"a":0,"k":[2251.356,2122.325,0],"ix":1},"s":{"a":0,"k":[100,100,100],"ix":6}},"ao":0,"shapes":[{"ty":"gr","it":[{"ind":0,"ty":"sh","ix":1,"ks":{"a":0,"k":{"i":[[34.221,83.654],[9.452,54.811],[-22.054,167.984],[10.459,17.955],[49.137,7.071],[-0.533,-2.438],[-44.383,-129.43],[-8.134,-74.022],[-5.904,-63.021],[-17.416,-72.143],[82.645,-99.219],[-1.359,-8.724],[-23.753,3.522],[-5.873,3.803]],"o":[[-14.584,-35.659],[-12.51,-72.521],[15.719,-119.73],[-22.72,-39.013],[0.656,2.519],[25.782,117.743],[21.883,63.813],[7.621,69.339],[8.824,94.207],[11.315,46.879],[1.373,8.549],[6.275,3.589],[13.297,-1.976],[70.908,-216.673]],"v":[[70.325,86.401],[28.604,-32.203],[53.616,-313.247],[56.154,-469.441],[-63.853,-532.836],[-62.002,-525.353],[-90.234,-206.339],[-25.302,-53.888],[-39.416,92.916],[53.747,282.067],[-27.111,496.711],[-23.009,522.559],[25.463,532.062],[54.581,520.999]],"c":true},"ix":2},"nm":"Path 1","mn":"ADBE Vector Shape - Group","hd":false},{"ty":"fl","c":{"a":0,"k":[0.341176480055,0.141176477075,0.333333343267,1],"ix":4},"o":{"a":0,"k":100,"ix":5},"r":1,"bm":0,"nm":"Fill 1","mn":"ADBE Vector Graphic - Fill","hd":false},{"ty":"tr","p":{"a":0,"k":[2331.825,2558.061],"ix":2},"a":{"a":0,"k":[0,0],"ix":1},"s":{"a":0,"k":[100,100],"ix":3},"r":{"a":0,"k":0,"ix":6},"o":{"a":0,"k":30,"ix":7},"sk":{"a":0,"k":0,"ix":4},"sa":{"a":0,"k":0,"ix":5},"nm":"Transform"}],"nm":"shadow girl leg left","np":3,"cix":2,"bm":1,"ix":1,"mn":"ADBE Vector Group","hd":false},{"ty":"gr","it":[{"ind":0,"ty":"sh","ix":1,"ks":{"a":0,"k":{"i":[[61.78,-4.254],[-8.609,-111.002],[-36.265,-154.203],[-27.024,-173.465],[-23.753,3.522],[-5.873,3.803],[34.221,83.654],[9.452,54.814],[-22.054,167.984],[10.459,17.955]],"o":[[-6.001,58.928],[11.219,144.621],[22.165,94.236],[6.271,3.589],[13.297,-1.976],[70.908,-216.673],[-14.584,-35.658],[-12.51,-72.521],[15.719,-119.73],[-41.809,-71.791]],"v":[[-134.847,-533.38],[-137.997,-271.987],[-61.594,118.353],[17.46,524.754],[65.931,534.257],[95.049,523.194],[110.794,88.596],[69.072,-30.007],[94.084,-311.052],[96.623,-467.246]],"c":true},"ix":2},"nm":"Path 1","mn":"ADBE Vector Shape - Group","hd":false},{"ty":"gf","o":{"a":0,"k":100,"ix":10},"r":1,"bm":0,"g":{"p":3,"k":{"a":0,"k":[0,0.408,0.161,0.365,0.5,0.539,0.176,0.396,1,0.671,0.192,0.427],"ix":9}},"s":{"a":0,"k":[151.644,-113.865],"ix":5},"e":{"a":0,"k":[-408.18,371.977],"ix":6},"t":1,"nm":"Gradient Fill 1","mn":"ADBE Vector Graphic - G-Fill","hd":false},{"ty":"tr","p":{"a":0,"k":[2291.356,2555.865],"ix":2},"a":{"a":0,"k":[0,0],"ix":1},"s":{"a":0,"k":[100,100],"ix":3},"r":{"a":0,"k":0,"ix":6},"o":{"a":0,"k":100,"ix":7},"sk":{"a":0,"k":0,"ix":4},"sa":{"a":0,"k":0,"ix":5},"nm":"Transform"}],"nm":"left leg shape girl with pen","np":3,"cix":2,"bm":0,"ix":2,"mn":"ADBE Vector Group","hd":false},{"ty":"gr","it":[{"ind":0,"ty":"sh","ix":1,"ks":{"a":0,"k":{"i":[[0,0],[0,0],[-10.595,9.79],[0,0]],"o":[[0,0],[0,0],[0,0],[0,0]],"v":[[-21.222,-29.247],[-12.579,27.337],[20.056,27.453],[21.222,-31.774]],"c":true},"ix":2},"nm":"Path 1","mn":"ADBE Vector Shape - Group","hd":false},{"ty":"gf","o":{"a":0,"k":100,"ix":10},"r":1,"bm":0,"g":{"p":3,"k":{"a":0,"k":[0,1,0.769,0.267,0.498,0.976,0.602,0.302,0.996,0.953,0.435,0.337],"ix":9}},"s":{"a":0,"k":[2.544,86.959],"ix":5},"e":{"a":0,"k":[-12.513,-601.881],"ix":6},"t":1,"nm":"Gradient Fill 1","mn":"ADBE Vector Graphic - G-Fill","hd":false},{"ty":"tr","p":{"a":0,"k":[2349.456,3096.041],"ix":2},"a":{"a":0,"k":[0,0],"ix":1},"s":{"a":0,"k":[100,100],"ix":3},"r":{"a":0,"k":0,"ix":6},"o":{"a":0,"k":100,"ix":7},"sk":{"a":0,"k":0,"ix":4},"sa":{"a":0,"k":0,"ix":5},"nm":"Transform"}],"nm":"part left leg girl","np":2,"cix":2,"bm":0,"ix":3,"mn":"ADBE Vector Group","hd":false}],"ip":0,"op":240,"st":0,"bm":0},{"ddd":0,"ind":14,"ty":4,"nm":"foot L","parent":18,"sr":1,"ks":{"o":{"a":0,"k":100,"ix":11},"r":{"a":0,"k":0,"ix":10},"p":{"a":0,"k":[2344.509,3129.582,0],"ix":2},"a":{"a":0,"k":[34,-10,0],"ix":1},"s":{"a":0,"k":[100,100,100],"ix":6}},"ao":0,"shapes":[{"ty":"gr","it":[{"ind":0,"ty":"sh","ix":1,"ks":{"a":0,"k":{"i":[[0,0],[2.378,-9.447],[27.835,3.284],[-17.734,5.334]],"o":[[0,0],[-2.383,9.45],[-27.833,-3.284],[17.732,-5.337]],"v":[[59.003,-25.74],[60.169,11.912],[-52.047,24.904],[-17.733,-12.146]],"c":true},"ix":2},"nm":"Path 1","mn":"ADBE Vector Shape - Group","hd":false},{"ty":"gf","o":{"a":0,"k":100,"ix":10},"r":1,"bm":0,"g":{"p":3,"k":{"a":0,"k":[0,0.267,0.294,0.549,0.498,0.208,0.222,0.429,0.996,0.149,0.149,0.31],"ix":9}},"s":{"a":0,"k":[-12.508,-207.582],"ix":5},"e":{"a":0,"k":[15.836,302.617],"ix":6},"t":1,"nm":"Gradient Fill 1","mn":"ADBE Vector Graphic - G-Fill","hd":false},{"ty":"tr","p":{"a":0,"k":[0,0],"ix":2},"a":{"a":0,"k":[0,0],"ix":1},"s":{"a":0,"k":[100,100],"ix":3},"r":{"a":0,"k":0,"ix":6},"o":{"a":0,"k":100,"ix":7},"sk":{"a":0,"k":0,"ix":4},"sa":{"a":0,"k":0,"ix":5},"nm":"Transform"}],"nm":"foot Left","np":2,"cix":2,"bm":0,"ix":1,"mn":"ADBE Vector Group","hd":false}],"ip":0,"op":240,"st":0,"bm":0},{"ddd":0,"ind":15,"ty":4,"nm":"mask","td":1,"sr":1,"ks":{"o":{"a":1,"k":[{"i":{"x":[0.667],"y":[1]},"o":{"x":[0.333],"y":[0]},"t":37,"s":[0]},{"i":{"x":[0.667],"y":[1]},"o":{"x":[0.333],"y":[0]},"t":67.117,"s":[100]},{"i":{"x":[0.667],"y":[1]},"o":{"x":[0.333],"y":[0]},"t":108,"s":[100]},{"t":117,"s":[0]}],"ix":11},"r":{"a":0,"k":0,"ix":10},"p":{"a":0,"k":[1750,1750,0],"ix":2},"a":{"a":0,"k":[0,0,0],"ix":1},"s":{"a":0,"k":[100,100,100],"ix":6}},"ao":0,"shapes":[{"ty":"gr","it":[{"ind":0,"ty":"sh","ix":1,"ks":{"a":0,"k":{"i":[[0,0],[0,0],[0,0],[0,0],[0,0],[0,0],[0,0],[0,0],[0,0],[0,0],[0,0],[0,0]],"o":[[0,0],[0,0],[0,0],[0,0],[0,0],[0,0],[0,0],[0,0],[0,0],[0,0],[0,0],[0,0]],"v":[[-982,-994],[-758,-986],[-870,-986],[-750,-654],[-656,-956],[-700,-1016],[-550,-1010],[-618,-898],[-544,-650],[-441,-914],[-504,-980],[-311,-970]],"c":false},"ix":2},"nm":"Path 1","mn":"ADBE Vector Shape - Group","hd":false},{"ty":"tm","s":{"a":0,"k":0,"ix":1},"e":{"a":1,"k":[{"i":{"x":[0.287],"y":[1]},"o":{"x":[0.333],"y":[0]},"t":46.412,"s":[0]},{"t":69,"s":[100]}],"ix":2},"o":{"a":0,"k":0,"ix":3},"m":1,"ix":2,"nm":"Trim Paths 1","mn":"ADBE Vector Filter - Trim","hd":false},{"ty":"st","c":{"a":0,"k":[1,0.23137253406,0.23137253406,1],"ix":3},"o":{"a":0,"k":100,"ix":4},"w":{"a":0,"k":84,"ix":5},"lc":1,"lj":1,"ml":4,"bm":0,"nm":"Stroke 1","mn":"ADBE Vector Graphic - Stroke","hd":false},{"ty":"tr","p":{"a":0,"k":[0,0],"ix":2},"a":{"a":0,"k":[0,0],"ix":1},"s":{"a":0,"k":[100,100],"ix":3},"r":{"a":0,"k":0,"ix":6},"o":{"a":0,"k":100,"ix":7},"sk":{"a":0,"k":0,"ix":4},"sa":{"a":0,"k":0,"ix":5},"nm":"Transform"}],"nm":"w mask","np":4,"cix":2,"bm":0,"ix":1,"mn":"ADBE Vector Group","hd":false}],"ip":0,"op":240,"st":0,"bm":0},{"ddd":0,"ind":16,"ty":4,"nm":"W","tt":1,"sr":1,"ks":{"o":{"a":1,"k":[{"i":{"x":[0.833],"y":[1]},"o":{"x":[0.333],"y":[0]},"t":122,"s":[100]},{"i":{"x":[0.667],"y":[1]},"o":{"x":[0.333],"y":[0]},"t":127,"s":[0]},{"i":{"x":[0.667],"y":[1]},"o":{"x":[0.333],"y":[0]},"t":137,"s":[100]},{"i":{"x":[0.667],"y":[1]},"o":{"x":[0.333],"y":[0]},"t":170,"s":[100]},{"t":180,"s":[0]}],"ix":11},"r":{"a":0,"k":0,"ix":10},"p":{"a":0,"k":[1090.094,960.276,0],"ix":2},"a":{"a":0,"k":[-659.906,-789.724,0],"ix":1},"s":{"a":0,"k":[100,100,100],"ix":6}},"ao":0,"shapes":[{"ty":"gr","it":[{"ind":0,"ty":"sh","ix":1,"ks":{"a":0,"k":{"i":[[0,0],[0,0],[0,0],[0,0],[6.82,3.391],[30.502,1.094],[0,0],[0,0],[0,0],[10.225,-2.347],[0,-7.929],[-2.618,-5.928],[0,0],[0,0],[0,0],[7.388,3.6],[30.537,1.096],[0,0],[0,0],[0,0],[9.974,-2.326],[0,-8.674],[-1.709,-4.597],[0,0],[0,0],[0,12.706],[50.653,1.817],[0,0],[0,0],[0,0],[14.235,-29.356],[13.432,-35.194],[0,0],[0,0]],"o":[[0,0],[0,0],[0,0],[-6.593,-17.404],[-6.832,-3.385],[0,0],[0,0],[0,0],[-26.468,-0.95],[-10.246,2.349],[0,4.179],[0,0],[0,0],[0,0],[-5.212,-16.858],[-7.39,-3.602],[0,0],[0,0],[0,0],[-25.799,-0.926],[-9.983,2.328],[0,4.539],[0,0],[0,0],[7.082,-19.851],[0,-34.823],[0,0],[0,0],[0,0],[-29.624,-1.063],[-2.102,4.429],[0,0],[0,0],[0,0]],"v":[[-652.317,-885.576],[-733.952,-585.051],[-756.036,-585.421],[-900.07,-954.123],[-920.194,-985.313],[-976.153,-992.041],[-976.153,-997.707],[-752.134,-989.609],[-752.134,-984.003],[-807.201,-981.909],[-822.569,-966.492],[-818.642,-951.319],[-716.446,-686.736],[-657.487,-901.239],[-671.201,-946.082],[-690.096,-976.77],[-746.955,-983.817],[-746.955,-989.422],[-526.722,-981.461],[-526.722,-975.915],[-580.403,-973.816],[-595.376,-957.311],[-592.818,-943.595],[-510.574,-681.659],[-440.871,-871.381],[-430.243,-920.22],[-506.132,-975.177],[-506.132,-980.717],[-343.66,-974.844],[-343.66,-969.347],[-409.472,-926.918],[-432.765,-867.499],[-536.643,-581.741],[-557.673,-582.094]],"c":true},"ix":2},"nm":"Path 1","mn":"ADBE Vector Shape - Group","hd":false},{"ty":"gf","o":{"a":0,"k":100,"ix":10},"r":1,"bm":0,"g":{"p":3,"k":{"a":0,"k":[0,1,0.565,0.522,0.5,0.992,0.5,0.627,1,0.984,0.435,0.733],"ix":9}},"s":{"a":0,"k":[-697,-1192],"ix":5},"e":{"a":0,"k":[-477.087,68.471],"ix":6},"t":1,"nm":"Gradient Fill 1","mn":"ADBE Vector Graphic - G-Fill","hd":false},{"ty":"tr","p":{"a":0,"k":[0,0],"ix":2},"a":{"a":0,"k":[0,0],"ix":1},"s":{"a":0,"k":[100,100],"ix":3},"r":{"a":0,"k":0,"ix":6},"o":{"a":0,"k":100,"ix":7},"sk":{"a":0,"k":0,"ix":4},"sa":{"a":0,"k":0,"ix":5},"nm":"Transform"}],"nm":"letter W","np":2,"cix":2,"bm":0,"ix":1,"mn":"ADBE Vector Group","hd":false}],"ip":0,"op":240,"st":0,"bm":0},{"ddd":0,"ind":17,"ty":4,"nm":"mask","parent":19,"td":1,"sr":1,"ks":{"o":{"a":0,"k":100,"ix":11},"r":{"a":0,"k":0,"ix":10},"p":{"a":0,"k":[1198.312,2197.823,0],"ix":2},"a":{"a":0,"k":[0,0,0],"ix":1},"s":{"a":0,"k":[100,100,100],"ix":6}},"ao":0,"shapes":[{"ty":"gr","it":[{"ind":0,"ty":"sh","ix":1,"ks":{"a":0,"k":{"i":[[19.509,-1.285],[0,0],[0,23.368],[0,0],[-23.36,0.097],[0,0],[0,-21.284],[0,0]],"o":[[0,0],[-23.36,1.539],[0,0],[0,-23.368],[0,0],[19.509,-0.081],[0,0],[0,21.283]],"v":[[750.59,447.587],[-743.536,546.061],[-785.879,506.54],[-784.978,-1673.483],[-742.634,-1715.97],[751.492,-1722.154],[786.781,-1683.762],[785.879,406.724]],"c":true},"ix":2},"nm":"Path 1","mn":"ADBE Vector Shape - Group","hd":false},{"ty":"gf","o":{"a":0,"k":100,"ix":10},"r":1,"bm":0,"g":{"p":3,"k":{"a":0,"k":[0,1,0.769,0.267,0.498,0.976,0.602,0.302,0.996,0.953,0.435,0.337],"ix":9}},"s":{"a":0,"k":[216.688,-401.823],"ix":5},"e":{"a":0,"k":[-1085.429,1726.857],"ix":6},"t":1,"nm":"Gradient Fill 1","mn":"ADBE Vector Graphic - G-Fill","hd":false},{"ty":"tr","p":{"a":0,"k":[0,0],"ix":2},"a":{"a":0,"k":[0,0],"ix":1},"s":{"a":0,"k":[100,100],"ix":3},"r":{"a":0,"k":0,"ix":6},"o":{"a":0,"k":100,"ix":7},"sk":{"a":0,"k":0,"ix":4},"sa":{"a":0,"k":0,"ix":5},"nm":"Transform"}],"nm":"mask","np":2,"cix":2,"bm":0,"ix":1,"mn":"ADBE Vector Group","hd":false}],"ip":0,"op":240,"st":0,"bm":0},{"ddd":0,"ind":18,"ty":4,"nm":"paper","tt":1,"sr":1,"ks":{"o":{"a":0,"k":100,"ix":11},"r":{"a":0,"k":0,"ix":10},"p":{"a":0,"k":[1270.285,1670.147,0],"ix":2},"a":{"a":0,"k":[1270.285,1670.147,0],"ix":1},"s":{"a":0,"k":[100,100,100],"ix":6}},"ao":0,"shapes":[{"ty":"gr","it":[{"ty":"gr","it":[{"ind":0,"ty":"sh","ix":1,"ks":{"a":0,"k":{"i":[[0,0],[0,0],[0,0],[0,0]],"o":[[0,0],[0,0],[0,0],[0,0]],"v":[[-200.571,197.207],[200.571,203.936],[200.571,-189.318],[-200.571,-203.936]],"c":true},"ix":2},"nm":"Path 1","mn":"ADBE Vector Shape - Group","hd":false},{"ty":"fl","c":{"a":0,"k":[0.635294139385,0.654901981354,0.68235296011,1],"ix":4},"o":{"a":0,"k":100,"ix":5},"r":1,"bm":0,"nm":"Fill 1","mn":"ADBE Vector Graphic - Fill","hd":false},{"ty":"tr","p":{"a":0,"k":[1666.732,975.293],"ix":2},"a":{"a":0,"k":[0,0],"ix":1},"s":{"a":0,"k":[100,100],"ix":3},"r":{"a":0,"k":0,"ix":6},"o":{"a":0,"k":39,"ix":7},"sk":{"a":0,"k":0,"ix":4},"sa":{"a":0,"k":0,"ix":5},"nm":"Transform"}],"nm":"Group 1","np":2,"cix":2,"bm":0,"ix":1,"mn":"ADBE Vector Group","hd":false},{"ty":"gr","it":[{"ind":0,"ty":"sh","ix":1,"ks":{"a":0,"k":{"i":[[0,0],[0,0],[0,0],[0,0]],"o":[[0,0],[0,0],[0,0],[0,0]],"v":[[546.729,166.018],[-546.729,220.147],[-546.729,-187.133],[546.729,-220.147]],"c":true},"ix":2},"nm":"Path 1","mn":"ADBE Vector Shape - Group","hd":false},{"ty":"fl","c":{"a":0,"k":[0.635294139385,0.654901981354,0.68235296011,1],"ix":4},"o":{"a":0,"k":100,"ix":5},"r":1,"bm":0,"nm":"Fill 1","mn":"ADBE Vector Graphic - Fill","hd":false},{"ty":"tr","p":{"a":0,"k":[1320.575,2338.576],"ix":2},"a":{"a":0,"k":[0,0],"ix":1},"s":{"a":0,"k":[100,100],"ix":3},"r":{"a":0,"k":0,"ix":6},"o":{"a":0,"k":39,"ix":7},"sk":{"a":0,"k":0,"ix":4},"sa":{"a":0,"k":0,"ix":5},"nm":"Transform"}],"nm":"Group 2","np":2,"cix":2,"bm":0,"ix":2,"mn":"ADBE Vector Group","hd":false},{"ty":"gr","it":[{"ind":0,"ty":"sh","ix":1,"ks":{"a":0,"k":{"i":[[0,0],[0,0],[0,0],[0,0]],"o":[[0,0],[0,0],[0,0],[0,0]],"v":[[546.729,177.877],[-546.729,208.287],[-546.729,-198.993],[546.729,-208.287]],"c":true},"ix":2},"nm":"Path 1","mn":"ADBE Vector Shape - Group","hd":false},{"ty":"fl","c":{"a":0,"k":[0.635294139385,0.654901981354,0.68235296011,1],"ix":4},"o":{"a":0,"k":100,"ix":5},"r":1,"bm":0,"nm":"Fill 1","mn":"ADBE Vector Graphic - Fill","hd":false},{"ty":"tr","p":{"a":0,"k":[1320.575,1892.927],"ix":2},"a":{"a":0,"k":[0,0],"ix":1},"s":{"a":0,"k":[100,100],"ix":3},"r":{"a":0,"k":0,"ix":6},"o":{"a":0,"k":39,"ix":7},"sk":{"a":0,"k":0,"ix":4},"sa":{"a":0,"k":0,"ix":5},"nm":"Transform"}],"nm":"Group 3","np":2,"cix":2,"bm":0,"ix":3,"mn":"ADBE Vector Group","hd":false},{"ty":"gr","it":[{"ind":0,"ty":"sh","ix":1,"ks":{"a":0,"k":{"i":[[0,0],[0,0],[0,0],[0,0]],"o":[[0,0],[0,0],[0,0],[0,0]],"v":[[546.729,196.646],[-546.729,203.64],[-546.729,-203.64],[546.729,-189.519]],"c":true},"ix":2},"nm":"Path 1","mn":"ADBE Vector Shape - Group","hd":false},{"ty":"fl","c":{"a":0,"k":[0.635294139385,0.654901981354,0.68235296011,1],"ix":4},"o":{"a":0,"k":100,"ix":5},"r":1,"bm":0,"nm":"Fill 1","mn":"ADBE Vector Graphic - Fill","hd":false},{"ty":"tr","p":{"a":0,"k":[1320.575,1445.937],"ix":2},"a":{"a":0,"k":[0,0],"ix":1},"s":{"a":0,"k":[100,100],"ix":3},"r":{"a":0,"k":0,"ix":6},"o":{"a":0,"k":39,"ix":7},"sk":{"a":0,"k":0,"ix":4},"sa":{"a":0,"k":0,"ix":5},"nm":"Transform"}],"nm":"Group 4","np":2,"cix":2,"bm":0,"ix":4,"mn":"ADBE Vector Group","hd":false},{"ty":"tr","p":{"a":0,"k":[1320.575,1445.937],"ix":2},"a":{"a":0,"k":[1320.575,1445.937],"ix":1},"s":{"a":0,"k":[100,100],"ix":3},"r":{"a":0,"k":0,"ix":6},"o":{"a":0,"k":100,"ix":7},"sk":{"a":0,"k":0,"ix":4},"sa":{"a":0,"k":0,"ix":5},"nm":"Transform"}],"nm":"Group 1","np":4,"cix":2,"bm":0,"ix":1,"mn":"ADBE Vector Group","hd":false},{"ty":"gr","it":[{"ind":0,"ty":"sh","ix":1,"ks":{"a":0,"k":{"i":[[0,48.907],[0,0],[0,0],[0,0],[40.727,-6.657],[0,0],[0,0]],"o":[[0,0],[0,0],[0,0],[0,41.268],[0,0],[0,0],[48.801,-3.216]],"v":[[678.617,888.334],[678.617,-1019.628],[-607.986,-1064.714],[-607.986,981.601],[-678.617,1064.714],[-678.617,1064.714],[591.877,980.979]],"c":true},"ix":2},"nm":"Path 1","mn":"ADBE Vector Shape - Group","hd":false},{"ty":"gf","o":{"a":0,"k":100,"ix":10},"r":1,"bm":0,"g":{"p":3,"k":{"a":0,"k":[0,1,1,1,0.498,0.961,0.969,0.975,0.996,0.922,0.937,0.949],"ix":9}},"s":{"a":0,"k":[130.715,-834.147],"ix":5},"e":{"a":0,"k":[-205.751,1780.47],"ix":6},"t":1,"nm":"Gradient Fill 1","mn":"ADBE Vector Graphic - G-Fill","hd":false},{"ty":"tr","p":{"a":0,"k":[1270.285,1670.147],"ix":2},"a":{"a":0,"k":[0,0],"ix":1},"s":{"a":0,"k":[100,100],"ix":3},"r":{"a":0,"k":0,"ix":6},"o":{"a":0,"k":100,"ix":7},"sk":{"a":0,"k":0,"ix":4},"sa":{"a":0,"k":0,"ix":5},"nm":"Transform"}],"nm":"Group 2","np":2,"cix":2,"bm":0,"ix":2,"mn":"ADBE Vector Group","hd":false}],"ip":0,"op":240,"st":0,"bm":0},{"ddd":0,"ind":19,"ty":4,"nm":"laptop","sr":1,"ks":{"o":{"a":0,"k":100,"ix":11},"r":{"a":0,"k":0,"ix":10},"p":{"a":1,"k":[{"i":{"x":0.667,"y":1},"o":{"x":0.333,"y":0},"t":0,"s":[1385.595,2693.12,0],"to":[0,-10.5,0],"ti":[0,0,0]},{"i":{"x":0.667,"y":1},"o":{"x":0.333,"y":0},"t":60,"s":[1385.595,2630.12,0],"to":[0,0,0],"ti":[0,-10.5,0]},{"t":120,"s":[1385.595,2693.12,0]}],"ix":2},"a":{"a":0,"k":[1385.595,2693.12,0],"ix":1},"s":{"a":0,"k":[100,100,100],"ix":6}},"ao":0,"shapes":[{"ty":"gr","it":[{"ty":"gr","it":[{"ind":0,"ty":"sh","ix":1,"ks":{"a":0,"k":{"i":[[0,0],[0,0],[0,0],[0,0]],"o":[[0,0],[0,0],[0,0],[0,0]],"v":[[-937.653,18.566],[494.435,-82.258],[937.653,-25.519],[-482.098,82.258]],"c":true},"ix":2},"nm":"Path 1","mn":"ADBE Vector Shape - Group","hd":false},{"ty":"gf","o":{"a":0,"k":100,"ix":10},"r":1,"bm":0,"g":{"p":3,"k":{"a":0,"k":[0,0.251,0.267,0.494,0.498,0.243,0.249,0.457,0.996,0.235,0.231,0.42],"ix":9}},"s":{"a":0,"k":[-938.303,-0.12],"ix":5},"e":{"a":0,"k":[937.003,-0.12],"ix":6},"t":1,"nm":"Gradient Fill 1","mn":"ADBE Vector Graphic - G-Fill","hd":false},{"ty":"tr","p":{"a":0,"k":[1531.303,2817.12],"ix":2},"a":{"a":0,"k":[0,0],"ix":1},"s":{"a":0,"k":[100,100],"ix":3},"r":{"a":0,"k":0,"ix":6},"o":{"a":0,"k":30,"ix":7},"sk":{"a":0,"k":0,"ix":4},"sa":{"a":0,"k":0,"ix":5},"nm":"Transform"}],"nm":"down part","np":2,"cix":2,"bm":1,"ix":1,"mn":"ADBE Vector Group","hd":false},{"ty":"gr","it":[{"ind":0,"ty":"sh","ix":1,"ks":{"a":0,"k":{"i":[[9.125,-0.633],[0,0],[0,0],[-8.667,0.687],[0,0],[0,0]],"o":[[0,0],[0,0],[8.589,1.448],[0,0],[0,0],[-9.08,-1.172]],"v":[[440.43,-123.466],[-1279.734,-4.138],[-529.711,122.322],[-503.744,123.468],[1279.734,-17.869],[467.793,-122.656]],"c":true},"ix":2},"nm":"Path 1","mn":"ADBE Vector Shape - Group","hd":false},{"ty":"gf","o":{"a":0,"k":100,"ix":10},"r":1,"bm":0,"g":{"p":3,"k":{"a":0,"k":[0,0.251,0.267,0.494,0.498,0.243,0.249,0.457,0.996,0.235,0.231,0.42],"ix":9}},"s":{"a":0,"k":[-1280.385,-0.823],"ix":5},"e":{"a":0,"k":[1279.083,-0.823],"ix":6},"t":1,"nm":"Gradient Fill 1","mn":"ADBE Vector Graphic - G-Fill","hd":false},{"ty":"tr","p":{"a":0,"k":[1622.385,2836.823],"ix":2},"a":{"a":0,"k":[0,0],"ix":1},"s":{"a":0,"k":[100,100],"ix":3},"r":{"a":0,"k":0,"ix":6},"o":{"a":0,"k":100,"ix":7},"sk":{"a":0,"k":0,"ix":4},"sa":{"a":0,"k":0,"ix":5},"nm":"Transform"}],"nm":"dow part 2","np":2,"cix":2,"bm":0,"ix":2,"mn":"ADBE Vector Group","hd":false},{"ty":"tr","p":{"a":0,"k":[1622.385,2836.823],"ix":2},"a":{"a":0,"k":[1622.385,2836.823],"ix":1},"s":{"a":0,"k":[100,100],"ix":3},"r":{"a":0,"k":0,"ix":6},"o":{"a":0,"k":100,"ix":7},"sk":{"a":0,"k":0,"ix":4},"sa":{"a":0,"k":0,"ix":5},"nm":"Transform"}],"nm":"down p","np":2,"cix":2,"bm":0,"ix":1,"mn":"ADBE Vector Group","hd":false},{"ty":"gr","it":[{"ind":0,"ty":"sh","ix":1,"ks":{"a":0,"k":{"i":[[99.15,53.346],[93.843,83.188],[70.007,75.368],[77.924,75.129],[84.871,68.204],[98.011,79.351],[12.112,52.916],[0,0],[0,-16.802],[0,0],[-16.805,1.193],[0,0],[-4.566,6.792],[47,41.476]],"o":[[-123.668,-66.539],[-56.894,-50.434],[-77.537,-83.476],[-98.53,-94.996],[-102.961,-82.741],[-42.273,-34.225],[0,0],[-16.805,0],[0,0],[0,16.802],[0,0],[8.023,-0.569],[-119.681,-4.362],[-91.944,-81.138]],"v":[[427.185,195.127],[112.434,129.713],[13.466,-33.698],[-192.477,-164.242],[-326.599,-401.35],[-638.608,-486.861],[-716.188,-623.758],[-812.087,-623.758],[-842.539,-593.336],[-842.539,595.419],[-812.087,623.68],[822.835,507.63],[842.539,495.584],[602.332,409.626]],"c":true},"ix":2},"nm":"Path 1","mn":"ADBE Vector Shape - Group","hd":false},{"ty":"fl","c":{"a":0,"k":[1,1,1,1],"ix":4},"o":{"a":0,"k":100,"ix":5},"r":1,"bm":0,"nm":"Fill 1","mn":"ADBE Vector Graphic - Fill","hd":false},{"ty":"tr","p":{"a":0,"k":[1185.19,2208.844],"ix":2},"a":{"a":0,"k":[0,0],"ix":1},"s":{"a":0,"k":[100,100],"ix":3},"r":{"a":0,"k":0,"ix":6},"o":{"a":0,"k":48,"ix":7},"sk":{"a":0,"k":0,"ix":4},"sa":{"a":0,"k":0,"ix":5},"nm":"Transform"}],"nm":"shadow lap","np":2,"cix":2,"bm":9,"ix":2,"mn":"ADBE Vector Group","hd":false},{"ty":"gr","it":[{"ind":0,"ty":"sh","ix":1,"ks":{"a":0,"k":{"i":[[0,-10.656],[10.196,-0.031],[0,10.68],[-10.209,0.007]],"o":[[0,10.655],[-10.209,0.031],[0,-10.68],[10.196,-0.007]],"v":[[18.473,-0.034],[0.02,19.316],[-18.473,0.035],[0.02,-19.316]],"c":true},"ix":2},"nm":"Path 1","mn":"ADBE Vector Shape - Group","hd":false},{"ty":"fl","c":{"a":0,"k":[1,1,1,1],"ix":4},"o":{"a":0,"k":100,"ix":5},"r":1,"bm":0,"nm":"Fill 1","mn":"ADBE Vector Graphic - Fill","hd":false},{"ty":"tr","p":{"a":0,"k":[1234.969,1616.487],"ix":2},"a":{"a":0,"k":[0,0],"ix":1},"s":{"a":0,"k":[100,100],"ix":3},"r":{"a":0,"k":0,"ix":6},"o":{"a":0,"k":100,"ix":7},"sk":{"a":0,"k":0,"ix":4},"sa":{"a":0,"k":0,"ix":5},"nm":"Transform"}],"nm":"camera","np":2,"cix":2,"bm":0,"ix":3,"mn":"ADBE Vector Group","hd":false},{"ty":"gr","it":[{"ty":"gr","it":[{"ind":0,"ty":"sh","ix":1,"ks":{"a":0,"k":{"i":[[19.509,-1.285],[0,0],[0,23.368],[0,0],[-23.36,0.097],[0,0],[0,-21.284],[0,0]],"o":[[0,0],[-23.36,1.539],[0,0],[0,-23.368],[0,0],[19.509,-0.081],[0,0],[0,21.283]],"v":[[750.59,447.587],[-743.536,546.061],[-785.879,506.54],[-785.879,-497.483],[-743.536,-539.97],[750.59,-546.154],[785.879,-507.762],[785.879,406.724]],"c":true},"ix":2},"nm":"Path 1","mn":"ADBE Vector Shape - Group","hd":false},{"ty":"gf","o":{"a":0,"k":100,"ix":10},"r":1,"bm":0,"g":{"p":3,"k":{"a":0,"k":[0,1,0.769,0.267,0.498,0.976,0.602,0.302,0.996,0.953,0.435,0.337],"ix":9}},"s":{"a":0,"k":[216.688,-401.823],"ix":5},"e":{"a":0,"k":[-1085.429,1726.857],"ix":6},"t":1,"nm":"Gradient Fill 1","mn":"ADBE Vector Graphic - G-Fill","hd":false},{"ty":"tr","p":{"a":0,"k":[1198.312,2197.823],"ix":2},"a":{"a":0,"k":[0,0],"ix":1},"s":{"a":0,"k":[100,100],"ix":3},"r":{"a":0,"k":0,"ix":6},"o":{"a":0,"k":100,"ix":7},"sk":{"a":0,"k":0,"ix":4},"sa":{"a":0,"k":0,"ix":5},"nm":"Transform"}],"nm":"Group 1","np":2,"cix":2,"bm":0,"ix":1,"mn":"ADBE Vector Group","hd":false},{"ty":"gr","it":[{"ind":0,"ty":"sh","ix":1,"ks":{"a":0,"k":{"i":[[23.65,-1.672],[0,0],[0,28.624],[0,0],[-28.706,0],[0,0],[0,-25.876],[0,0]],"o":[[0,0],[-28.706,2.028],[0,0],[0,-28.624],[0,0],[23.65,0],[0,0],[0,25.875]],"v":[[806.727,509.957],[-797.452,623.323],[-849.498,575.172],[-849.498,-571.626],[-797.452,-623.455],[806.727,-623.455],[849.498,-576.603],[849.498,460.082]],"c":true},"ix":2},"nm":"Path 1","mn":"ADBE Vector Shape - Group","hd":false},{"ty":"gf","o":{"a":0,"k":100,"ix":10},"r":1,"bm":0,"g":{"p":3,"k":{"a":0,"k":[0,0.251,0.267,0.494,0.498,0.243,0.249,0.457,0.996,0.235,0.231,0.42],"ix":9}},"s":{"a":0,"k":[-850.149,-0.541],"ix":5},"e":{"a":0,"k":[848.847,-0.541],"ix":6},"t":1,"nm":"Gradient Fill 1","mn":"ADBE Vector Graphic - G-Fill","hd":false},{"ty":"tr","p":{"a":0,"k":[1192.149,2208.541],"ix":2},"a":{"a":0,"k":[0,0],"ix":1},"s":{"a":0,"k":[100,100],"ix":3},"r":{"a":0,"k":0,"ix":6},"o":{"a":0,"k":100,"ix":7},"sk":{"a":0,"k":0,"ix":4},"sa":{"a":0,"k":0,"ix":5},"nm":"Transform"}],"nm":"Group 2","np":2,"cix":2,"bm":0,"ix":2,"mn":"ADBE Vector Group","hd":false},{"ty":"gr","it":[{"ind":0,"ty":"sh","ix":1,"ks":{"a":0,"k":{"i":[[23.649,-1.672],[0,0],[0,28.624],[0,0],[-28.706,0],[0,0],[0,-25.876],[0,0]],"o":[[0,0],[-28.706,2.028],[0,0],[0,-28.624],[0,0],[23.649,0],[0,0],[0,25.875]],"v":[[806.728,509.957],[-797.452,623.323],[-849.498,575.172],[-849.498,-571.626],[-797.452,-623.455],[806.728,-623.455],[849.498,-576.603],[849.498,460.082]],"c":true},"ix":2},"nm":"Path 1","mn":"ADBE Vector Shape - Group","hd":false},{"ty":"gf","o":{"a":0,"k":100,"ix":10},"r":1,"bm":0,"g":{"p":3,"k":{"a":0,"k":[0,0.251,0.267,0.494,0.498,0.243,0.249,0.457,0.996,0.235,0.231,0.42],"ix":9}},"s":{"a":0,"k":[-34.57,-42.541],"ix":5},"e":{"a":0,"k":[-217.903,34.459],"ix":6},"t":1,"nm":"Gradient Fill 1","mn":"ADBE Vector Graphic - G-Fill","hd":false},{"ty":"tr","p":{"a":0,"k":[1166.57,2208.541],"ix":2},"a":{"a":0,"k":[0,0],"ix":1},"s":{"a":0,"k":[100,100],"ix":3},"r":{"a":0,"k":0,"ix":6},"o":{"a":0,"k":100,"ix":7},"sk":{"a":0,"k":0,"ix":4},"sa":{"a":0,"k":0,"ix":5},"nm":"Transform"}],"nm":"Group 3","np":2,"cix":2,"bm":0,"ix":3,"mn":"ADBE Vector Group","hd":false},{"ty":"tr","p":{"a":0,"k":[1166.57,2208.541],"ix":2},"a":{"a":0,"k":[1166.57,2208.541],"ix":1},"s":{"a":0,"k":[100,100],"ix":3},"r":{"a":0,"k":0,"ix":6},"o":{"a":0,"k":100,"ix":7},"sk":{"a":0,"k":0,"ix":4},"sa":{"a":0,"k":0,"ix":5},"nm":"Transform"}],"nm":"screen shape","np":3,"cix":2,"bm":0,"ix":4,"mn":"ADBE Vector Group","hd":false},{"ty":"gr","it":[{"ind":0,"ty":"sh","ix":1,"ks":{"a":0,"k":{"i":[[0,0],[0,0],[0,0],[-15.119,-2.549],[0,0],[-8.667,0.687],[0,0],[0,17.281]],"o":[[0,0],[0,0],[0,16.82],[0,0],[8.589,1.448],[0,0],[15.674,-1.242],[0,0]],"v":[[1279.734,-88.628],[-1279.734,-109.573],[-1279.734,-47.603],[-1253.451,-13.933],[-529.711,108.097],[-503.744,109.242],[1251.92,-29.891],[1279.734,-62.76]],"c":true},"ix":2},"nm":"Path 1","mn":"ADBE Vector Shape - Group","hd":false},{"ty":"gf","o":{"a":0,"k":100,"ix":10},"r":1,"bm":0,"g":{"p":3,"k":{"a":0,"k":[0,0.251,0.267,0.494,0.498,0.243,0.249,0.457,0.996,0.235,0.231,0.42],"ix":9}},"s":{"a":0,"k":[-198.385,8.418],"ix":5},"e":{"a":0,"k":[-378.077,83.888],"ix":6},"t":1,"nm":"Gradient Fill 1","mn":"ADBE Vector Graphic - G-Fill","hd":false},{"ty":"tr","p":{"a":0,"k":[1622.385,2907.582],"ix":2},"a":{"a":0,"k":[0,0],"ix":1},"s":{"a":0,"k":[100,100],"ix":3},"r":{"a":0,"k":0,"ix":6},"o":{"a":0,"k":100,"ix":7},"sk":{"a":0,"k":0,"ix":4},"sa":{"a":0,"k":0,"ix":5},"nm":"Transform"}],"nm":"buttom part laptop","np":2,"cix":2,"bm":0,"ix":5,"mn":"ADBE Vector Group","hd":false}],"ip":0,"op":240,"st":0,"bm":0},{"ddd":0,"ind":20,"ty":4,"nm":"l3","sr":1,"ks":{"o":{"a":0,"k":100,"ix":11},"r":{"a":1,"k":[{"i":{"x":[0.667],"y":[1]},"o":{"x":[0.333],"y":[0]},"t":0,"s":[0]},{"t":30,"s":[4]}],"ix":10,"x":"var $bm_rt;\n$bm_rt = loopOut('pingpong');"},"p":{"a":0,"k":[1498.052,2486.538,0],"ix":2},"a":{"a":0,"k":[-616,296,0],"ix":1},"s":{"a":0,"k":[100,100,100],"ix":6}},"ao":0,"shapes":[{"ty":"gr","it":[{"ind":0,"ty":"sh","ix":1,"ks":{"a":0,"k":{"i":[[92.644,-28.488],[-136.219,48.291],[-102.57,102.431],[-127.114,118.402],[-123.474,-46.117],[-15.781,-46.038],[190.624,-134.292],[72.646,19.78],[129.563,31.413]],"o":[[61.873,-44.468],[242.289,-85.894],[106.172,-106.028],[10.689,-9.955],[86.379,32.262],[61.247,178.681],[-180.727,127.321],[-127.446,-34.702],[-157.563,-38.201]],"v":[[-676.822,296.257],[-377.456,139.137],[78.436,1.486],[242.952,-327.375],[513.6,-415.059],[649.393,-238.637],[484.404,346.598],[2.217,393.46],[-284.996,277.671]],"c":true},"ix":2},"nm":"Path 1","mn":"ADBE Vector Shape - Group","hd":false},{"ty":"gf","o":{"a":0,"k":100,"ix":10},"r":1,"bm":0,"g":{"p":3,"k":{"a":0,"k":[0,1,0.565,0.522,0.5,0.992,0.5,0.627,1,0.984,0.435,0.733],"ix":9}},"s":{"a":0,"k":[694.998,-366.459],"ix":5},"e":{"a":0,"k":[-702.982,336.247],"ix":6},"t":1,"nm":"Gradient Fill 1","mn":"ADBE Vector Graphic - G-Fill","hd":false},{"ty":"tr","p":{"a":0,"k":[0,0],"ix":2},"a":{"a":0,"k":[0,0],"ix":1},"s":{"a":0,"k":[100,100],"ix":3},"r":{"a":0,"k":0,"ix":6},"o":{"a":0,"k":100,"ix":7},"sk":{"a":0,"k":0,"ix":4},"sa":{"a":0,"k":0,"ix":5},"nm":"Transform"}],"nm":"Group 1","np":2,"cix":2,"bm":0,"ix":1,"mn":"ADBE Vector Group","hd":false}],"ip":0,"op":240,"st":0,"bm":0},{"ddd":0,"ind":21,"ty":4,"nm":"l2","sr":1,"ks":{"o":{"a":0,"k":100,"ix":11},"r":{"a":1,"k":[{"i":{"x":[0.667],"y":[1]},"o":{"x":[0.333],"y":[0]},"t":-15,"s":[0]},{"t":15,"s":[4]}],"ix":10,"x":"var $bm_rt;\n$bm_rt = loopOut('pingpong');"},"p":{"a":0,"k":[1590.143,2767.392,0],"ix":2},"a":{"a":0,"k":[1654.143,3163.392,0],"ix":1},"s":{"a":0,"k":[-130,130,100],"ix":6}},"ao":0,"shapes":[{"ty":"gr","it":[{"ty":"gr","it":[{"ind":0,"ty":"sh","ix":1,"ks":{"a":0,"k":{"i":[[0,0],[-264.555,-6.77],[-65.93,148.301]],"o":[[0,0],[0,0],[65.93,-148.301]],"v":[[-200.248,-17.862],[181.179,176.687],[200.248,-176.687]],"c":false},"ix":2},"nm":"Path 1","mn":"ADBE Vector Shape - Group","hd":false},{"ty":"st","c":{"a":0,"k":[1,1,1,1],"ix":3},"o":{"a":0,"k":100,"ix":4},"w":{"a":0,"k":4,"ix":5},"lc":1,"lj":1,"ml":10,"bm":0,"nm":"Stroke 1","mn":"ADBE Vector Graphic - Stroke","hd":false},{"ty":"tr","p":{"a":0,"k":[619.467,2058.911],"ix":2},"a":{"a":0,"k":[0,0],"ix":1},"s":{"a":0,"k":[100,100],"ix":3},"r":{"a":0,"k":0,"ix":6},"o":{"a":0,"k":100,"ix":7},"sk":{"a":0,"k":0,"ix":4},"sa":{"a":0,"k":0,"ix":5},"nm":"Transform"}],"nm":"Group 1","np":2,"cix":2,"bm":0,"ix":1,"mn":"ADBE Vector Group","hd":false},{"ty":"gr","it":[{"ind":0,"ty":"sh","ix":1,"ks":{"a":0,"k":{"i":[[0,0],[-25.993,-111.119],[203.939,124.034]],"o":[[0,0],[0,0],[-203.939,-124.034]],"v":[[244.717,-164.743],[224.017,138.247],[-244.717,96.067]],"c":false},"ix":2},"nm":"Path 1","mn":"ADBE Vector Shape - Group","hd":false},{"ty":"st","c":{"a":0,"k":[1,1,1,1],"ix":3},"o":{"a":0,"k":100,"ix":4},"w":{"a":0,"k":4,"ix":5},"lc":1,"lj":1,"ml":10,"bm":0,"nm":"Stroke 1","mn":"ADBE Vector Graphic - Stroke","hd":false},{"ty":"tr","p":{"a":0,"k":[776.079,2318.335],"ix":2},"a":{"a":0,"k":[0,0],"ix":1},"s":{"a":0,"k":[100,100],"ix":3},"r":{"a":0,"k":0,"ix":6},"o":{"a":0,"k":100,"ix":7},"sk":{"a":0,"k":0,"ix":4},"sa":{"a":0,"k":0,"ix":5},"nm":"Transform"}],"nm":"Group 2","np":2,"cix":2,"bm":0,"ix":2,"mn":"ADBE Vector Group","hd":false},{"ty":"gr","it":[{"ind":0,"ty":"sh","ix":1,"ks":{"a":0,"k":{"i":[[0,0],[-25.447,31.275],[-26.971,149.061]],"o":[[0,0],[0,0],[26.971,-149.061]],"v":[[-106.212,163.972],[106.212,96.908],[53.132,-163.972]],"c":false},"ix":2},"nm":"Path 1","mn":"ADBE Vector Shape - Group","hd":false},{"ty":"st","c":{"a":0,"k":[1,1,1,1],"ix":3},"o":{"a":0,"k":100,"ix":4},"w":{"a":0,"k":4,"ix":5},"lc":1,"lj":1,"ml":10,"bm":0,"nm":"Stroke 1","mn":"ADBE Vector Graphic - Stroke","hd":false},{"ty":"tr","p":{"a":0,"k":[1187.764,2670.957],"ix":2},"a":{"a":0,"k":[0,0],"ix":1},"s":{"a":0,"k":[100,100],"ix":3},"r":{"a":0,"k":0,"ix":6},"o":{"a":0,"k":100,"ix":7},"sk":{"a":0,"k":0,"ix":4},"sa":{"a":0,"k":0,"ix":5},"nm":"Transform"}],"nm":"Group 3","np":2,"cix":2,"bm":0,"ix":3,"mn":"ADBE Vector Group","hd":false},{"ty":"gr","it":[{"ind":0,"ty":"sh","ix":1,"ks":{"a":0,"k":{"i":[[0,0],[326.553,49.052],[40.947,56.997],[112.545,71.895],[-21.124,36.121]],"o":[[0,0],[-182.554,-33.052],[-40.947,-56.997],[-112.545,-71.895],[21.124,-36.121]],"v":[[537.102,677.784],[166.521,277.37],[-127.359,-33.912],[-376.377,-291.787],[-533.157,-677.784]],"c":false},"ix":2},"nm":"Path 1","mn":"ADBE Vector Shape - Group","hd":false},{"ty":"st","c":{"a":0,"k":[1,1,1,1],"ix":3},"o":{"a":0,"k":100,"ix":4},"w":{"a":0,"k":4,"ix":5},"lc":1,"lj":1,"ml":10,"bm":0,"nm":"Stroke 1","mn":"ADBE Vector Graphic - Stroke","hd":false},{"ty":"tr","p":{"a":0,"k":[1127.455,2490.495],"ix":2},"a":{"a":0,"k":[0,0],"ix":1},"s":{"a":0,"k":[100,100],"ix":3},"r":{"a":0,"k":0,"ix":6},"o":{"a":0,"k":100,"ix":7},"sk":{"a":0,"k":0,"ix":4},"sa":{"a":0,"k":0,"ix":5},"nm":"Transform"}],"nm":"Group 4","np":2,"cix":2,"bm":0,"ix":4,"mn":"ADBE Vector Group","hd":false},{"ty":"tr","p":{"a":0,"k":[1127.455,2490.495],"ix":2},"a":{"a":0,"k":[1127.455,2490.495],"ix":1},"s":{"a":0,"k":[100,100],"ix":3},"r":{"a":0,"k":0,"ix":6},"o":{"a":0,"k":30,"ix":7},"sk":{"a":0,"k":0,"ix":4},"sa":{"a":0,"k":0,"ix":5},"nm":"Transform"}],"nm":"Group 1","np":4,"cix":2,"bm":0,"ix":1,"mn":"ADBE Vector Group","hd":false},{"ty":"gr","it":[{"ind":0,"ty":"sh","ix":1,"ks":{"a":0,"k":{"i":[[-87.116,-144.57],[473.678,151.41],[67.009,247.889],[32.879,-386.466],[-188.146,-70.411]],"o":[[0,0],[-182.122,-44.744],[-67.009,-247.889],[-32.879,386.466],[188.146,70.411]],"v":[[607.317,678.578],[311.222,99.892],[-67.002,-422.296],[-638.021,-448.651],[-81.349,307.079]],"c":true},"ix":2},"nm":"Path 1","mn":"ADBE Vector Shape - Group","hd":false},{"ty":"gf","o":{"a":0,"k":100,"ix":10},"r":1,"bm":0,"g":{"p":3,"k":{"a":0,"k":[0,0.392,0.4,0.847,0.346,0.529,0.451,0.912,0.692,0.667,0.502,0.976],"ix":9}},"s":{"a":0,"k":[-160.537,45.101],"ix":5},"e":{"a":0,"k":[-1311.039,-1150.773],"ix":6},"t":1,"nm":"Gradient Fill 1","mn":"ADBE Vector Graphic - G-Fill","hd":false},{"ty":"tr","p":{"a":0,"k":[1058.143,2491.495],"ix":2},"a":{"a":0,"k":[0,0],"ix":1},"s":{"a":0,"k":[100,100],"ix":3},"r":{"a":0,"k":0,"ix":6},"o":{"a":0,"k":100,"ix":7},"sk":{"a":0,"k":0,"ix":4},"sa":{"a":0,"k":0,"ix":5},"nm":"Transform"}],"nm":"Group 2","np":2,"cix":2,"bm":0,"ix":2,"mn":"ADBE Vector Group","hd":false}],"ip":0,"op":144,"st":0,"bm":0},{"ddd":0,"ind":22,"ty":4,"nm":"l4","sr":1,"ks":{"o":{"a":0,"k":100,"ix":11},"r":{"a":1,"k":[{"i":{"x":[0.667],"y":[1]},"o":{"x":[0.333],"y":[0]},"t":0,"s":[0]},{"t":30,"s":[2]}],"ix":10,"x":"var $bm_rt;\n$bm_rt = loopOut('pingpong');"},"p":{"a":0,"k":[1708.165,2834.535,0],"ix":2},"a":{"a":0,"k":[1452.165,2754.535,0],"ix":1},"s":{"a":0,"k":[-150,150,100],"ix":6}},"ao":0,"shapes":[{"ty":"gr","it":[{"ty":"gr","it":[{"ind":0,"ty":"sh","ix":1,"ks":{"a":0,"k":{"i":[[0,0],[-36.06,-87.994],[121.777,39.079]],"o":[[0,0],[0,0],[-121.777,-39.079]],"v":[[111.144,-122.101],[67.048,92.43],[-111.144,108.022]],"c":false},"ix":2},"nm":"Path 1","mn":"ADBE Vector Shape - Group","hd":false},{"ty":"st","c":{"a":0,"k":[1,1,1,1],"ix":3},"o":{"a":0,"k":100,"ix":4},"w":{"a":0,"k":4,"ix":5},"lc":1,"lj":1,"ml":10,"bm":0,"nm":"Stroke 1","mn":"ADBE Vector Graphic - Stroke","hd":false},{"ty":"tr","p":{"a":0,"k":[1267.654,2036.304],"ix":2},"a":{"a":0,"k":[0,0],"ix":1},"s":{"a":0,"k":[100,100],"ix":3},"r":{"a":0,"k":0,"ix":6},"o":{"a":0,"k":100,"ix":7},"sk":{"a":0,"k":0,"ix":4},"sa":{"a":0,"k":0,"ix":5},"nm":"Transform"}],"nm":"Group 1","np":2,"cix":2,"bm":0,"ix":1,"mn":"ADBE Vector Group","hd":false},{"ty":"gr","it":[{"ind":0,"ty":"sh","ix":1,"ks":{"a":0,"k":{"i":[[0,0],[-159.432,51.661],[-130.815,133.339]],"o":[[0,0],[0,0],[130.815,-133.339]],"v":[[-169.593,107.06],[71.602,131.386],[169.593,-149.382]],"c":false},"ix":2},"nm":"Path 1","mn":"ADBE Vector Shape - Group","hd":false},{"ty":"st","c":{"a":0,"k":[1,1,1,1],"ix":3},"o":{"a":0,"k":100,"ix":4},"w":{"a":0,"k":4,"ix":5},"lc":1,"lj":1,"ml":10,"bm":0,"nm":"Stroke 1","mn":"ADBE Vector Graphic - Stroke","hd":false},{"ty":"tr","p":{"a":0,"k":[1138.833,1801.324],"ix":2},"a":{"a":0,"k":[0,0],"ix":1},"s":{"a":0,"k":[100,100],"ix":3},"r":{"a":0,"k":0,"ix":6},"o":{"a":0,"k":100,"ix":7},"sk":{"a":0,"k":0,"ix":4},"sa":{"a":0,"k":0,"ix":5},"nm":"Transform"}],"nm":"Group 2","np":2,"cix":2,"bm":0,"ix":2,"mn":"ADBE Vector Group","hd":false},{"ty":"gr","it":[{"ind":0,"ty":"sh","ix":1,"ks":{"a":0,"k":{"i":[[0,0],[-120.733,-60.204],[-213.188,72.76]],"o":[[0,0],[0,0],[221.855,-75.718]],"v":[[-197.461,-143.018],[-40.94,143.018],[197.461,-108.062]],"c":false},"ix":2},"nm":"Path 1","mn":"ADBE Vector Shape - Group","hd":false},{"ty":"st","c":{"a":0,"k":[1,1,1,1],"ix":3},"o":{"a":0,"k":100,"ix":4},"w":{"a":0,"k":4,"ix":5},"lc":1,"lj":1,"ml":10,"bm":0,"nm":"Stroke 1","mn":"ADBE Vector Graphic - Stroke","hd":false},{"ty":"tr","p":{"a":0,"k":[1147.544,1460.473],"ix":2},"a":{"a":0,"k":[0,0],"ix":1},"s":{"a":0,"k":[100,100],"ix":3},"r":{"a":0,"k":0,"ix":6},"o":{"a":0,"k":100,"ix":7},"sk":{"a":0,"k":0,"ix":4},"sa":{"a":0,"k":0,"ix":5},"nm":"Transform"}],"nm":"Group 3","np":2,"cix":2,"bm":0,"ix":3,"mn":"ADBE Vector Group","hd":false},{"ty":"gr","it":[{"ind":0,"ty":"sh","ix":1,"ks":{"a":0,"k":{"i":[[0,0],[142.782,216.472],[5.16,177.979],[-92,126.185]],"o":[[0,0],[-142.782,-216.472],[-5.16,-177.978],[92,-126.185]],"v":[[149.923,799.343],[133.935,322.688],[-200.748,-315.616],[-103.407,-799.343]],"c":false},"ix":2},"nm":"Path 1","mn":"ADBE Vector Shape - Group","hd":false},{"ty":"st","c":{"a":0,"k":[1,1,1,1],"ix":3},"o":{"a":0,"k":100,"ix":4},"w":{"a":0,"k":4,"ix":5},"lc":1,"lj":1,"ml":10,"bm":0,"nm":"Stroke 1","mn":"ADBE Vector Graphic - Stroke","hd":false},{"ty":"tr","p":{"a":0,"k":[1308.426,1965.908],"ix":2},"a":{"a":0,"k":[0,0],"ix":1},"s":{"a":0,"k":[100,100],"ix":3},"r":{"a":0,"k":0,"ix":6},"o":{"a":0,"k":100,"ix":7},"sk":{"a":0,"k":0,"ix":4},"sa":{"a":0,"k":0,"ix":5},"nm":"Transform"}],"nm":"Group 4","np":2,"cix":2,"bm":0,"ix":4,"mn":"ADBE Vector Group","hd":false},{"ty":"tr","p":{"a":0,"k":[1308.426,1965.908],"ix":2},"a":{"a":0,"k":[1308.426,1965.908],"ix":1},"s":{"a":0,"k":[100,100],"ix":3},"r":{"a":0,"k":0,"ix":6},"o":{"a":0,"k":30,"ix":7},"sk":{"a":0,"k":0,"ix":4},"sa":{"a":0,"k":0,"ix":5},"nm":"Transform"}],"nm":"Group 1","np":4,"cix":2,"bm":0,"ix":1,"mn":"ADBE Vector Group","hd":false},{"ty":"gr","it":[{"ind":0,"ty":"sh","ix":1,"ks":{"a":0,"k":{"i":[[165.34,-703.002],[-156.653,533.511],[240.792,3.661],[38.832,-39.668],[-9.837,-186.495]],"o":[[282.337,-579.909],[6.234,-53.383],[-55.505,-0.844],[-52.862,54],[8.362,842.843]],"v":[[236.166,800.517],[108.007,-544.743],[-69.676,-800.494],[-217.494,-740.057],[-315.1,-398.131]],"c":true},"ix":2},"nm":"Path 1","mn":"ADBE Vector Shape - Group","hd":false},{"ty":"gf","o":{"a":0,"k":100,"ix":10},"r":1,"bm":0,"g":{"p":3,"k":{"a":0,"k":[0,0.694,0.482,0.929,0.5,0.786,0.516,0.9,1,0.878,0.549,0.871],"ix":9}},"s":{"a":0,"k":[-17.165,108.664],"ix":5},"e":{"a":0,"k":[221.058,-1166.002],"ix":6},"t":1,"nm":"Gradient Fill 1","mn":"ADBE Vector Graphic - G-Fill","hd":false},{"ty":"tr","p":{"a":0,"k":[1228.165,1960.336],"ix":2},"a":{"a":0,"k":[0,0],"ix":1},"s":{"a":0,"k":[100,100],"ix":3},"r":{"a":0,"k":0,"ix":6},"o":{"a":0,"k":100,"ix":7},"sk":{"a":0,"k":0,"ix":4},"sa":{"a":0,"k":0,"ix":5},"nm":"Transform"}],"nm":"Group 2","np":2,"cix":2,"bm":0,"ix":2,"mn":"ADBE Vector Group","hd":false}],"ip":0,"op":144,"st":0,"bm":0},{"ddd":0,"ind":23,"ty":4,"nm":"BG","sr":1,"ks":{"o":{"a":0,"k":100,"ix":11},"r":{"a":0,"k":0,"ix":10},"p":{"a":0,"k":[1752.245,1734.677,0],"ix":2},"a":{"a":0,"k":[0,0,0],"ix":1},"s":{"a":0,"k":[100,100,100],"ix":6}},"ao":0,"shapes":[{"ty":"gr","it":[{"ind":0,"ty":"sh","ix":1,"ks":{"a":0,"k":{"i":[[190.886,-84.467],[-7.583,-146.696],[-67.302,-166.253],[116.035,-527.882],[-44.214,-123.165],[-215.295,-54.581],[-499.165,-123.241],[-180.388,-0.505],[-5.783,0.05],[-100.545,91.135],[-234.022,720.557],[36.762,167.156],[314.609,41.723],[40.715,-14.306],[132.515,-17.484]],"o":[[-147.056,65.072],[7.751,149.943],[40.36,99.699],[-115.922,527.366],[80.818,225.13],[444.119,112.592],[171.765,42.406],[3.038,0.008],[192.59,-1.667],[275.163,-249.406],[86.038,-264.916],[-72.34,-328.935],[-375.046,-49.737],[-171.672,60.318],[-318.623,42.038]],"v":[[-1186.369,-1243.002],[-1410.679,-843.449],[-1235.437,-499.974],[-1299.52,235.432],[-1419.706,931.512],[-883.874,1367.188],[252.889,1247.002],[663.524,1352.165],[676.835,1352.138],[1219.387,1156.862],[1275.672,-330.761],[1428.246,-822.42],[549.952,-1377.689],[-224.21,-1290.899],[-546.945,-1173.841]],"c":true},"ix":2},"nm":"Path 1","mn":"ADBE Vector Shape - Group","hd":false},{"ty":"fl","c":{"a":0,"k":[0.956862747669,0.96862745285,0.980392158031,1],"ix":4},"o":{"a":0,"k":100,"ix":5},"r":1,"bm":0,"nm":"Fill 1","mn":"ADBE Vector Graphic - Fill","hd":false},{"ty":"tr","p":{"a":0,"k":[0,0],"ix":2},"a":{"a":0,"k":[0,0],"ix":1},"s":{"a":0,"k":[100,100],"ix":3},"r":{"a":0,"k":0,"ix":6},"o":{"a":0,"k":100,"ix":7},"sk":{"a":0,"k":0,"ix":4},"sa":{"a":0,"k":0,"ix":5},"nm":"Transform"}],"nm":"BG","np":2,"cix":2,"bm":0,"ix":1,"mn":"ADBE Vector Group","hd":false}],"ip":0,"op":240,"st":0,"bm":0}],"markers":[]}